warn Package ramda has been ignored because it contains invalid configuration. Reason: Package subpath './package.json' is not defined by "exports" in /Users/roops/AutomationTestining/AutomationTesting/repos/bd34a47c-c099-4d36-ac61-810edfff31ca/node_modules/ramda/package.json
                                                      
                        #######                       
                   ################                   
                #########     #########               
            #########             ##########          
        #########        ######        #########      
       ##########################################     
      #####      #####################       #####    
      #####          ##############          #####    
      #####    ###       ######       ###    #####    
      #####    #######            #######    #####    
      #####    ###########    ###########    #####    
      #####    ##########################    #####    
      #####    ##########################    #####    
      #####      ######################     ######    
       ######        #############        #######     
         #########        ####       #########        
              #########          #########            
                  ######### #########                 
                       #########                      
                                                      
                                                      
                    Welcome to Metro!
              Fast - Scalable - Integrated


 BUNDLE  ./index.js 

 BUNDLE  ./index.js 

Error: Unable to resolve module ./Libraries/Components/DatePicker/DatePickerIOS from /Users/roops/AutomationTestining/AutomationTesting/repos/bd34a47c-c099-4d36-ac61-810edfff31ca/node_modules/react-native/index.js: 

None of these files exist:
  * node_modules/react-native/Libraries/Components/DatePicker/DatePickerIOS(.native|.native.js|.js|.native.json|.json|.native.ts|.ts|.native.tsx|.tsx)
  * node_modules/react-native/Libraries/Components/DatePicker/DatePickerIOS/index(.native|.native.js|.js|.native.json|.json|.native.ts|.ts|.native.tsx|.tsx)
[0m [90m 15 |[39m [36mimport[39m [36mtypeof[39m [33mActivityIndicator[39m [36mfrom[39m [32m'./Libraries/Components/ActivityIndicator/ActivityIndicator'[39m[33m;[39m
 [90m 16 |[39m [36mimport[39m [36mtypeof[39m [33mButton[39m [36mfrom[39m [32m'./Libraries/Components/Button'[39m[33m;[39m
[31m[1m>[22m[39m[90m 17 |[39m [36mimport[39m [36mtypeof[39m [33mDatePickerIOS[39m [36mfrom[39m [32m'./Libraries/Components/DatePicker/DatePickerIOS'[39m[33m;[39m
 [90m    |[39m                                   [31m[1m^[22m[39m
 [90m 18 |[39m [36mimport[39m [36mtypeof[39m [33mDrawerLayoutAndroid[39m [36mfrom[39m [32m'./Libraries/Components/DrawerAndroid/DrawerLayoutAndroid'[39m[33m;[39m
 [90m 19 |[39m [36mimport[39m [36mtypeof[39m [33mFlatList[39m [36mfrom[39m [32m'./Libraries/Lists/FlatList'[39m[33m;[39m
 [90m 20 |[39m [36mimport[39m [36mtypeof[39m [33mImage[39m [36mfrom[39m [32m'./Libraries/Image/Image'[39m[33m;[39m[0m
    at ModuleResolver.resolveDependency (/Users/roops/AutomationTestining/AutomationTesting/repos/bd34a47c-c099-4d36-ac61-810edfff31ca/node_modules/metro/src/node-haste/DependencyGraph/ModuleResolution.js:136:15)
    at DependencyGraph.resolveDependency (/Users/roops/AutomationTestining/AutomationTesting/repos/bd34a47c-c099-4d36-ac61-810edfff31ca/node_modules/metro/src/node-haste/DependencyGraph.js:231:43)
    at Object.resolve (/Users/roops/AutomationTestining/AutomationTesting/repos/bd34a47c-c099-4d36-ac61-810edfff31ca/node_modules/metro/src/lib/transformHelpers.js:129:24)
    at resolve (/Users/roops/AutomationTestining/AutomationTesting/repos/bd34a47c-c099-4d36-ac61-810edfff31ca/node_modules/metro/src/DeltaBundler/traverseDependencies.js:396:33)
    at /Users/roops/AutomationTestining/AutomationTesting/repos/bd34a47c-c099-4d36-ac61-810edfff31ca/node_modules/metro/src/DeltaBundler/traverseDependencies.js:412:26
    at Array.reduce (<anonymous>)
    at resolveDependencies (/Users/roops/AutomationTestining/AutomationTesting/repos/bd34a47c-c099-4d36-ac61-810edfff31ca/node_modules/metro/src/DeltaBundler/traverseDependencies.js:411:33)
    at processModule (/Users/roops/AutomationTestining/AutomationTesting/repos/bd34a47c-c099-4d36-ac61-810edfff31ca/node_modules/metro/src/DeltaBundler/traverseDependencies.js:140:31)
    at async addDependency (/Users/roops/AutomationTestining/AutomationTesting/repos/bd34a47c-c099-4d36-ac61-810edfff31ca/node_modules/metro/src/DeltaBundler/traverseDependencies.js:230:18)
    at async Promise.all (index 1)
 WARN  Require cycle: node_modules/@react-native-firebase/messaging/lib/index.js -> node_modules/@react-native-firebase/messaging/lib/modular/index.js -> node_modules/@react-native-firebase/messaging/lib/index.js

Require cycles are allowed, but can result in uninitialized values. Consider refactoring to remove the need for a cycle.
 WARN  ViewPropTypes will be removed from React Native. Migrate to ViewPropTypes exported from 'deprecated-react-native-prop-types'.
 WARN  ViewPropTypes will be removed from React Native. Migrate to ViewPropTypes exported from 'deprecated-react-native-prop-types'.
 WARN  ViewPropTypes will be removed from React Native. Migrate to ViewPropTypes exported from 'deprecated-react-native-prop-types'.
 WARN  ViewPropTypes will be removed from React Native. Migrate to ViewPropTypes exported from 'deprecated-react-native-prop-types'.
 WARN  ViewPropTypes will be removed from React Native. Migrate to ViewPropTypes exported from 'deprecated-react-native-prop-types'.
 WARN  ViewPropTypes will be removed from React Native. Migrate to ViewPropTypes exported from 'deprecated-react-native-prop-types'.
 WARN  ViewPropTypes will be removed from React Native. Migrate to ViewPropTypes exported from 'deprecated-react-native-prop-types'.
 WARN  ViewPropTypes will be removed from React Native. Migrate to ViewPropTypes exported from 'deprecated-react-native-prop-types'.
 WARN  ViewPropTypes will be removed from React Native. Migrate to ViewPropTypes exported from 'deprecated-react-native-prop-types'.
 WARN  ViewPropTypes will be removed from React Native. Migrate to ViewPropTypes exported from 'deprecated-react-native-prop-types'.
 WARN  Require cycle: App/Components/NewModal/index.js -> App/Screens/Cart/ColapsibleCard.js -> App/Screens/Cart/Quantity.js -> App/Components/BottomSheet/BottomUpdate.js -> App/Components/Modal/index.js -> App/Components/NewModal/index.js

Require cycles are allowed, but can result in uninitialized values. Consider refactoring to remove the need for a cycle.
 WARN  ViewPropTypes will be removed from React Native. Migrate to ViewPropTypes exported from 'deprecated-react-native-prop-types'.
 WARN  ViewPropTypes will be removed from React Native. Migrate to ViewPropTypes exported from 'deprecated-react-native-prop-types'.
 WARN  ViewPropTypes will be removed from React Native. Migrate to ViewPropTypes exported from 'deprecated-react-native-prop-types'.
 LOG  Running "vyaconsumer" with {"rootTag":1,"initialProps":{}}
 LOG  Authorization status: 1
 ERROR  Warning: Each child in a list should have a unique "key" prop.

Check the render method of `VirtualizedList`. See https://reactjs.org/link/warning-keys for more information.
CellRenderer@http://localhost:8081/index.bundle:61386:36
    in VirtualizedList (at FlatList.js:644)
    in FlatList (at dist/index.js:153)
    in RCTView (at View.js:32)
    in View (at dist/index.js:152)
    in AppIntroSlider (at RootContainer.js:140)
    in RCTView (at View.js:32)
    in View (at RootContainer.js:127)
    in RootContainer (created by Connect(RootContainer))
    in Connect(RootContainer) (at App.js:76)
    in ThemeProvider (at PaperProvider.tsx:112)
    in RCTView (at View.js:32)
    in View (at PortalHost.tsx:126)
    in Portal.Host (at PaperProvider.tsx:104)
    in RCTView (at View.js:32)
    in View (at SafeAreaProviderCompat.tsx:46)
    in SafeAreaProviderCompat (at PaperProvider.tsx:103)
    in PaperProvider (at App.js:75)
    in StripeProvider (at App.js:74)
    in Provider (at App.js:73)
    in RNCSafeAreaProvider (at SafeAreaContext.tsx:76)
    in SafeAreaProvider (at App.js:72)
    in App (at renderApplication.js:50)
    in RCTView (at View.js:32)
    in View (at AppContainer.js:92)
    in RCTView (at View.js:32)
    in View (at AppContainer.js:119)
    in AppContainer (at renderApplication.js:43)
    in vyaconsumer(RootComponent) (at renderApplication.js:60)
 WARN  Found screens with the same name nested inside one another. Check:

Main > Home, Main > Home > Home

This can cause confusing behavior during navigation. Consider using unique names for each screen instead. 
BaseNavigationContainer@http://localhost:8081/index.bundle:135139:28
ThemeProvider@http://localhost:8081/index.bundle:140596:21
NavigationContainerInner@http://localhost:8081/index.bundle:140474:26
Navigation
RCTView
View
RootContainer@http://localhost:8081/index.bundle:134351:68
Connect(RootContainer)@http://localhost:8081/index.bundle:95622:43
ThemeProvider@http://localhost:8081/index.bundle:98001:38
RCTView
View
Portal.Host@http://localhost:8081/index.bundle:108268:36
RCTView
View
SafeAreaProviderCompat@http://localhost:8081/index.bundle:100504:24
PaperProvider@http://localhost:8081/index.bundle:100377:37
StripeProvider@http://localhost:8081/index.bundle:132957:24
Provider@http://localhost:8081/index.bundle:95225:21
RNCSafeAreaProvider
SafeAreaProvider@http://localhost:8081/index.bundle:100618:24
App@http://localhost:8081/index.bundle:93234:36
RCTView
View
RCTView
View
AppContainer@http://localhost:8081/index.bundle:65345:36
vyaconsumer(RootComponent)@http://localhost:8081/index.bundle:71292:28
 ERROR  no valid “aps-environment” entitlement string found for application {"code": 3000, "details": {"NSLocalizedDescription": "no valid “aps-environment” entitlement string found for application"}, "message": "no valid “aps-environment” entitlement string found for application"}
 LOG  ✅ Socket connected: IsV_ttb1ZrTynJTNAAAI
 LOG  📍 Auth locationCords: {"latitude": 12.9629, "longitude": 77.5775}
 WARN  Possible Unhandled Promise Rejection (id: 0):
Error: [messaging/unregistered] You must be registered for remote messages before calling getToken, see messaging().registerDeviceForRemoteMessages().
NativeFirebaseError: [messaging/unregistered] You must be registered for remote messages before calling getToken, see messaging().registerDeviceForRemoteMessages().
_callee2$@http://localhost:8081/index.bundle:93274:83
tryCatch@http://localhost:8081/index.bundle:19834:22
@http://localhost:8081/index.bundle:19922:27
tryCatch@http://localhost:8081/index.bundle:19834:22
invoke@http://localhost:8081/index.bundle:19869:25
@http://localhost:8081/index.bundle:19874:19
tryCallOne@http://localhost:8081/index.bundle:23781:16
@http://localhost:8081/index.bundle:23862:27
@http://localhost:8081/index.bundle:24780:26
_callTimer@http://localhost:8081/index.bundle:24699:17
_callReactNativeMicrotasksPass@http://localhost:8081/index.bundle:24729:17
Error: Unable to resolve module ./Libraries/Components/DatePicker/DatePickerIOS from /Users/roops/AutomationTestining/AutomationTesting/repos/bd34a47c-c099-4d36-ac61-810edfff31ca/node_modules/react-native/index.js: 

None of these files exist:
  * node_modules/react-native/Libraries/Components/DatePicker/DatePickerIOS(.native|.native.js|.js|.native.json|.json|.native.ts|.ts|.native.tsx|.tsx)
  * node_modules/react-native/Libraries/Components/DatePicker/DatePickerIOS/index(.native|.native.js|.js|.native.json|.json|.native.ts|.ts|.native.tsx|.tsx)
[0m [90m 15 |[39m [36mimport[39m [36mtypeof[39m [33mActivityIndicator[39m [36mfrom[39m [32m'./Libraries/Components/ActivityIndicator/ActivityIndicator'[39m[33m;[39m
 [90m 16 |[39m [36mimport[39m [36mtypeof[39m [33mButton[39m [36mfrom[39m [32m'./Libraries/Components/Button'[39m[33m;[39m
[31m[1m>[22m[39m[90m 17 |[39m [36mimport[39m [36mtypeof[39m [33mDatePickerIOS[39m [36mfrom[39m [32m'./Libraries/Components/DatePicker/DatePickerIOS'[39m[33m;[39m
 [90m    |[39m                                   [31m[1m^[22m[39m
 [90m 18 |[39m [36mimport[39m [36mtypeof[39m [33mDrawerLayoutAndroid[39m [36mfrom[39m [32m'./Libraries/Components/DrawerAndroid/DrawerLayoutAndroid'[39m[33m;[39m
 [90m 19 |[39m [36mimport[39m [36mtypeof[39m [33mFlatList[39m [36mfrom[39m [32m'./Libraries/Lists/FlatList'[39m[33m;[39m
 [90m 20 |[39m [36mimport[39m [36mtypeof[39m [33mImage[39m [36mfrom[39m [32m'./Libraries/Image/Image'[39m[33m;[39m[0m
    at ModuleResolver.resolveDependency (/Users/roops/AutomationTestining/AutomationTesting/repos/bd34a47c-c099-4d36-ac61-810edfff31ca/node_modules/metro/src/node-haste/DependencyGraph/ModuleResolution.js:136:15)
    at DependencyGraph.resolveDependency (/Users/roops/AutomationTestining/AutomationTesting/repos/bd34a47c-c099-4d36-ac61-810edfff31ca/node_modules/metro/src/node-haste/DependencyGraph.js:231:43)
    at Object.resolve (/Users/roops/AutomationTestining/AutomationTesting/repos/bd34a47c-c099-4d36-ac61-810edfff31ca/node_modules/metro/src/lib/transformHelpers.js:129:24)
    at resolve (/Users/roops/AutomationTestining/AutomationTesting/repos/bd34a47c-c099-4d36-ac61-810edfff31ca/node_modules/metro/src/DeltaBundler/traverseDependencies.js:396:33)
    at /Users/roops/AutomationTestining/AutomationTesting/repos/bd34a47c-c099-4d36-ac61-810edfff31ca/node_modules/metro/src/DeltaBundler/traverseDependencies.js:412:26
    at Array.reduce (<anonymous>)
    at resolveDependencies (/Users/roops/AutomationTestining/AutomationTesting/repos/bd34a47c-c099-4d36-ac61-810edfff31ca/node_modules/metro/src/DeltaBundler/traverseDependencies.js:411:33)
    at processModule (/Users/roops/AutomationTestining/AutomationTesting/repos/bd34a47c-c099-4d36-ac61-810edfff31ca/node_modules/metro/src/DeltaBundler/traverseDependencies.js:140:31)
    at async addDependency (/Users/roops/AutomationTestining/AutomationTesting/repos/bd34a47c-c099-4d36-ac61-810edfff31ca/node_modules/metro/src/DeltaBundler/traverseDependencies.js:230:18)
    at async Promise.all (index 1)
Error: Unable to resolve module ./Libraries/Components/DatePicker/DatePickerIOS from /Users/roops/AutomationTestining/AutomationTesting/repos/bd34a47c-c099-4d36-ac61-810edfff31ca/node_modules/react-native/index.js: 

None of these files exist:
  * node_modules/react-native/Libraries/Components/DatePicker/DatePickerIOS(.native|.native.js|.js|.native.json|.json|.native.ts|.ts|.native.tsx|.tsx)
  * node_modules/react-native/Libraries/Components/DatePicker/DatePickerIOS/index(.native|.native.js|.js|.native.json|.json|.native.ts|.ts|.native.tsx|.tsx)
[0m [90m 15 |[39m [36mimport[39m [36mtypeof[39m [33mActivityIndicator[39m [36mfrom[39m [32m'./Libraries/Components/ActivityIndicator/ActivityIndicator'[39m[33m;[39m
 [90m 16 |[39m [36mimport[39m [36mtypeof[39m [33mButton[39m [36mfrom[39m [32m'./Libraries/Components/Button'[39m[33m;[39m
[31m[1m>[22m[39m[90m 17 |[39m [36mimport[39m [36mtypeof[39m [33mDatePickerIOS[39m [36mfrom[39m [32m'./Libraries/Components/DatePicker/DatePickerIOS'[39m[33m;[39m
 [90m    |[39m                                   [31m[1m^[22m[39m
 [90m 18 |[39m [36mimport[39m [36mtypeof[39m [33mDrawerLayoutAndroid[39m [36mfrom[39m [32m'./Libraries/Components/DrawerAndroid/DrawerLayoutAndroid'[39m[33m;[39m
 [90m 19 |[39m [36mimport[39m [36mtypeof[39m [33mFlatList[39m [36mfrom[39m [32m'./Libraries/Lists/FlatList'[39m[33m;[39m
 [90m 20 |[39m [36mimport[39m [36mtypeof[39m [33mImage[39m [36mfrom[39m [32m'./Libraries/Image/Image'[39m[33m;[39m[0m
    at ModuleResolver.resolveDependency (/Users/roops/AutomationTestining/AutomationTesting/repos/bd34a47c-c099-4d36-ac61-810edfff31ca/node_modules/metro/src/node-haste/DependencyGraph/ModuleResolution.js:136:15)
    at DependencyGraph.resolveDependency (/Users/roops/AutomationTestining/AutomationTesting/repos/bd34a47c-c099-4d36-ac61-810edfff31ca/node_modules/metro/src/node-haste/DependencyGraph.js:231:43)
    at Object.resolve (/Users/roops/AutomationTestining/AutomationTesting/repos/bd34a47c-c099-4d36-ac61-810edfff31ca/node_modules/metro/src/lib/transformHelpers.js:129:24)
    at resolve (/Users/roops/AutomationTestining/AutomationTesting/repos/bd34a47c-c099-4d36-ac61-810edfff31ca/node_modules/metro/src/DeltaBundler/traverseDependencies.js:396:33)
    at /Users/roops/AutomationTestining/AutomationTesting/repos/bd34a47c-c099-4d36-ac61-810edfff31ca/node_modules/metro/src/DeltaBundler/traverseDependencies.js:412:26
    at Array.reduce (<anonymous>)
    at resolveDependencies (/Users/roops/AutomationTestining/AutomationTesting/repos/bd34a47c-c099-4d36-ac61-810edfff31ca/node_modules/metro/src/DeltaBundler/traverseDependencies.js:411:33)
    at processModule (/Users/roops/AutomationTestining/AutomationTesting/repos/bd34a47c-c099-4d36-ac61-810edfff31ca/node_modules/metro/src/DeltaBundler/traverseDependencies.js:140:31)
    at async addDependency (/Users/roops/AutomationTestining/AutomationTesting/repos/bd34a47c-c099-4d36-ac61-810edfff31ca/node_modules/metro/src/DeltaBundler/traverseDependencies.js:230:18)
    at async Promise.all (index 1)
Error: Unable to resolve module ./Libraries/Components/DatePicker/DatePickerIOS from /Users/roops/AutomationTestining/AutomationTesting/repos/bd34a47c-c099-4d36-ac61-810edfff31ca/node_modules/react-native/index.js: 

None of these files exist:
  * node_modules/react-native/Libraries/Components/DatePicker/DatePickerIOS(.native|.native.js|.js|.native.json|.json|.native.ts|.ts|.native.tsx|.tsx)
  * node_modules/react-native/Libraries/Components/DatePicker/DatePickerIOS/index(.native|.native.js|.js|.native.json|.json|.native.ts|.ts|.native.tsx|.tsx)
[0m [90m 15 |[39m [36mimport[39m [36mtypeof[39m [33mActivityIndicator[39m [36mfrom[39m [32m'./Libraries/Components/ActivityIndicator/ActivityIndicator'[39m[33m;[39m
 [90m 16 |[39m [36mimport[39m [36mtypeof[39m [33mButton[39m [36mfrom[39m [32m'./Libraries/Components/Button'[39m[33m;[39m
[31m[1m>[22m[39m[90m 17 |[39m [36mimport[39m [36mtypeof[39m [33mDatePickerIOS[39m [36mfrom[39m [32m'./Libraries/Components/DatePicker/DatePickerIOS'[39m[33m;[39m
 [90m    |[39m                                   [31m[1m^[22m[39m
 [90m 18 |[39m [36mimport[39m [36mtypeof[39m [33mDrawerLayoutAndroid[39m [36mfrom[39m [32m'./Libraries/Components/DrawerAndroid/DrawerLayoutAndroid'[39m[33m;[39m
 [90m 19 |[39m [36mimport[39m [36mtypeof[39m [33mFlatList[39m [36mfrom[39m [32m'./Libraries/Lists/FlatList'[39m[33m;[39m
 [90m 20 |[39m [36mimport[39m [36mtypeof[39m [33mImage[39m [36mfrom[39m [32m'./Libraries/Image/Image'[39m[33m;[39m[0m
    at ModuleResolver.resolveDependency (/Users/roops/AutomationTestining/AutomationTesting/repos/bd34a47c-c099-4d36-ac61-810edfff31ca/node_modules/metro/src/node-haste/DependencyGraph/ModuleResolution.js:136:15)
    at DependencyGraph.resolveDependency (/Users/roops/AutomationTestining/AutomationTesting/repos/bd34a47c-c099-4d36-ac61-810edfff31ca/node_modules/metro/src/node-haste/DependencyGraph.js:231:43)
    at Object.resolve (/Users/roops/AutomationTestining/AutomationTesting/repos/bd34a47c-c099-4d36-ac61-810edfff31ca/node_modules/metro/src/lib/transformHelpers.js:129:24)
    at resolve (/Users/roops/AutomationTestining/AutomationTesting/repos/bd34a47c-c099-4d36-ac61-810edfff31ca/node_modules/metro/src/DeltaBundler/traverseDependencies.js:396:33)
    at /Users/roops/AutomationTestining/AutomationTesting/repos/bd34a47c-c099-4d36-ac61-810edfff31ca/node_modules/metro/src/DeltaBundler/traverseDependencies.js:412:26
    at Array.reduce (<anonymous>)
    at resolveDependencies (/Users/roops/AutomationTestining/AutomationTesting/repos/bd34a47c-c099-4d36-ac61-810edfff31ca/node_modules/metro/src/DeltaBundler/traverseDependencies.js:411:33)
    at processModule (/Users/roops/AutomationTestining/AutomationTesting/repos/bd34a47c-c099-4d36-ac61-810edfff31ca/node_modules/metro/src/DeltaBundler/traverseDependencies.js:140:31)
    at async addDependency (/Users/roops/AutomationTestining/AutomationTesting/repos/bd34a47c-c099-4d36-ac61-810edfff31ca/node_modules/metro/src/DeltaBundler/traverseDependencies.js:230:18)
    at async Promise.all (index 1)
 ERROR  Warning: Each child in a list should have a unique "key" prop.

Check the render method of `HomeContainer`. See https://reactjs.org/link/warning-keys for more information.
    in HomeContainer (at Home/index.js:1253)
    in RCTView (at View.js:32)
    in View (at VirtualizedList.js:2063)
    in VirtualizedListCellContextProvider (at VirtualizedList.js:2078)
    in CellRenderer (at VirtualizedList.js:816)
    in RCTScrollContentView (at ScrollView.js:1682)
    in RCTScrollView (at ScrollView.js:1775)
    in ScrollView (at ScrollView.js:1826)
    in ScrollView (at VirtualizedList.js:1267)
    in VirtualizedListContextProvider (at VirtualizedList.js:1099)
    in VirtualizedList (at FlatList.js:644)
    in FlatList (at AnimatedFlatList.js:22)
    in Unknown (at createAnimatedComponent.js:211)
    in AnimatedComponent (at createAnimatedComponent.js:264)
    in AnimatedComponentWrapper (at Home/index.js:1627)
    in RCTView (at View.js:32)
    in View (at Home/index.js:1610)
    in RCTView (at View.js:32)
    in View (at Home/index.js:1533)
    in RCTSafeAreaView (at SafeAreaView.js:51)
    in SafeAreaView (at Home/index.js:1532)
    in Home (created by Connect(Home))
    in Connect(Home) (at SceneView.tsx:132)
    in StaticContainer
    in EnsureSingleNavigator (at SceneView.tsx:124)
    in SceneView (at useDescriptors.tsx:218)
    in RCTView (at View.js:32)
    in View (at Screen.tsx:63)
    in RCTView (at View.js:32)
    in View (at Background.tsx:13)
    in Background (at Screen.tsx:58)
    in Screen (at BottomTabView.tsx:135)
    in RCTView (at View.js:32)
    in View (at ResourceSavingView.tsx:42)
    in RCTView (at View.js:32)
    in View (at ResourceSavingView.tsx:37)
    in ResourceSavingScene (at ScreenFallback.tsx:46)
    in MaybeScreen (at BottomTabView.tsx:127)
    in RCTView (at View.js:32)
    in View (at ScreenFallback.tsx:33)
    in MaybeScreenContainer (at BottomTabView.tsx:93)
    in RCTView (at View.js:32)
    in View (at SafeAreaProviderCompat.tsx:43)
    in SafeAreaProviderCompat (at BottomTabView.tsx:92)
    in BottomTabView (at createBottomTabNavigator.tsx:118)
    in PreventRemoveProvider (at useNavigationBuilder.tsx:718)
    in NavigationContent (at useComponent.tsx:35)
    in Unknown (at createBottomTabNavigator.tsx:117)
    in BottomTabNavigator (at BottomNavigator.js:211)
    in BottomNavigator (created by Connect(BottomNavigator))
    in Connect(BottomNavigator) (at SceneView.tsx:132)
    in StaticContainer
    in EnsureSingleNavigator (at SceneView.tsx:124)
    in SceneView (at useDescriptors.tsx:218)
    in RCTView (at View.js:32)
    in View (at CardContainer.tsx:281)
    in RCTView (at View.js:32)
    in View (at CardContainer.tsx:279)
    in RCTView (at View.js:32)
    in View (at CardSheet.tsx:45)
    in CardSheet (at Card.tsx:563)
    in RCTView (at View.js:32)
    in View (at createAnimatedComponent.js:211)
    in AnimatedComponent (at createAnimatedComponent.js:264)
    in AnimatedComponentWrapper (at Card.tsx:542)
    in PanGestureHandler (at GestureHandlerNative.tsx:14)
    in PanGestureHandler (at Card.tsx:536)
    in RCTView (at View.js:32)
    in View (at createAnimatedComponent.js:211)
    in AnimatedComponent (at createAnimatedComponent.js:264)
    in AnimatedComponentWrapper (at Card.tsx:532)
    in RCTView (at View.js:32)
    in View (at Card.tsx:520)
    in Card (at CardContainer.tsx:219)
    in CardContainer (at CardStack.tsx:673)
    in RCTView (at View.js:32)
    in View (at createAnimatedComponent.js:211)
    in AnimatedComponent (at createAnimatedComponent.js:264)
    in AnimatedComponentWrapper (at src/index.native.tsx:114)
    in Screen (at Screens.tsx:38)
    in MaybeScreen (at CardStack.tsx:665)
    in RCTView (at View.js:32)
    in View (at src/index.native.tsx:145)
    in ScreenContainer (at Screens.tsx:20)
    in MaybeScreenContainer (at CardStack.tsx:572)
    in RCTView (at View.js:32)
    in View (at Background.tsx:13)
    in Background (at CardStack.tsx:570)
    in CardStack (at StackView.tsx:437)
    in RCTView (at View.js:32)
    in View (at SafeAreaProviderCompat.tsx:43)
    in SafeAreaProviderCompat (at StackView.tsx:430)
    in RCTView (at View.js:32)
    in View (at GestureHandlerRootView.tsx:17)
    in GestureHandlerRootView (at StackView.tsx:429)
    in StackView (at createStackNavigator.tsx:121)
    in PreventRemoveProvider (at useNavigationBuilder.tsx:718)
    in NavigationContent (at useComponent.tsx:35)
    in Unknown (at createStackNavigator.tsx:120)
    in StackNavigator (at StackNavigator.js:162)
    in RCTView (at View.js:32)
    in View (at createAnimatedComponent.tsx:688)
    in AnimatedComponent(View) (at createAnimatedComponent.tsx:699)
    in Unknown (at StackNavigator.js:160)
    in StackNavigator (created by Connect(StackNavigator))
    in Connect(StackNavigator) (at Navigation.js:51)
    in StaticContainer
    in EnsureSingleNavigator (at SceneView.tsx:124)
    in SceneView (at useDescriptors.tsx:218)
    in RCTView (at View.js:32)
    in View (at Screen.tsx:63)
    in RCTView (at View.js:32)
    in View (at Background.tsx:13)
    in Background (at Screen.tsx:58)
    in Screen (at DrawerView.tsx:234)
    in RCTView (at View.js:32)
    in View (at ResourceSavingView.tsx:42)
    in RCTView (at View.js:32)
    in View (at ResourceSavingView.tsx:37)
    in ResourceSavingScene (at ScreenFallback.tsx:46)
    in MaybeScreen (at DrawerView.tsx:227)
    in RCTView (at View.js:32)
    in View (at ScreenFallback.tsx:33)
    in MaybeScreenContainer (at DrawerView.tsx:188)
    in RCTView (at View.js:32)
    in View (at Drawer.tsx:366)
    in RCTView (at View.js:32)
    in View (at createAnimatedComponent.tsx:688)
    in AnimatedComponent(View) (at createAnimatedComponent.tsx:699)
    in Unknown (at Drawer.tsx:365)
    in RCTView (at View.js:32)
    in View (at createAnimatedComponent.tsx:688)
    in AnimatedComponent(View) (at createAnimatedComponent.tsx:699)
    in Unknown (at Drawer.tsx:356)
    in PanGestureHandler (at GestureHandlerNative.tsx:14)
    in PanGestureHandler (at Drawer.tsx:347)
    in Drawer (at DrawerView.tsx:261)
    in DrawerViewBase (at DrawerView.tsx:306)
    in RCTView (at View.js:32)
    in View (at GestureHandlerRootView.tsx:17)
    in GestureHandlerRootView (at DrawerView.tsx:305)
    in RCTView (at View.js:32)
    in View (at SafeAreaProviderCompat.tsx:43)
    in SafeAreaProviderCompat (at DrawerView.tsx:304)
    in DrawerView (at createDrawerNavigator.tsx:128)
    in PreventRemoveProvider (at useNavigationBuilder.tsx:718)
    in NavigationContent (at useComponent.tsx:35)
    in Unknown (at createDrawerNavigator.tsx:127)
    in DrawerNavigator (at Navigation.js:31)
    in EnsureSingleNavigator (at BaseNavigationContainer.tsx:433)
    in BaseNavigationContainer (at NavigationContainer.tsx:132)
    in ThemeProvider (at NavigationContainer.tsx:131)
    in NavigationContainerInner (at Navigation.js:30)
    in Navigation (at RootContainer.js:138)
    in RCTView (at View.js:32)
    in View (at RootContainer.js:127)
    in RootContainer (created by Connect(RootContainer))
    in Connect(RootContainer) (at App.js:76)
    in ThemeProvider (at PaperProvider.tsx:112)
    in RCTView (at View.js:32)
    in View (at PortalHost.tsx:126)
    in Portal.Host (at PaperProvider.tsx:104)
    in RCTView (at View.js:32)
    in View (at SafeAreaProviderCompat.tsx:46)
    in SafeAreaProviderCompat (at PaperProvider.tsx:103)
    in PaperProvider (at App.js:75)
    in StripeProvider (at App.js:74)
    in Provider (at App.js:73)
    in RNCSafeAreaProvider (at SafeAreaContext.tsx:76)
    in SafeAreaProvider (at App.js:72)
    in App (at renderApplication.js:50)
    in RCTView (at View.js:32)
    in View (at AppContainer.js:92)
    in RCTView (at View.js:32)
    in View (at AppContainer.js:119)
    in AppContainer (at renderApplication.js:43)
    in vyaconsumer(RootComponent) (at renderApplication.js:60)
Error: Unable to resolve module ./Libraries/Components/DatePicker/DatePickerIOS from /Users/roops/AutomationTestining/AutomationTesting/repos/bd34a47c-c099-4d36-ac61-810edfff31ca/node_modules/react-native/index.js: 

None of these files exist:
  * node_modules/react-native/Libraries/Components/DatePicker/DatePickerIOS(.native|.native.js|.js|.native.json|.json|.native.ts|.ts|.native.tsx|.tsx)
  * node_modules/react-native/Libraries/Components/DatePicker/DatePickerIOS/index(.native|.native.js|.js|.native.json|.json|.native.ts|.ts|.native.tsx|.tsx)
[0m [90m 15 |[39m [36mimport[39m [36mtypeof[39m [33mActivityIndicator[39m [36mfrom[39m [32m'./Libraries/Components/ActivityIndicator/ActivityIndicator'[39m[33m;[39m
 [90m 16 |[39m [36mimport[39m [36mtypeof[39m [33mButton[39m [36mfrom[39m [32m'./Libraries/Components/Button'[39m[33m;[39m
[31m[1m>[22m[39m[90m 17 |[39m [36mimport[39m [36mtypeof[39m [33mDatePickerIOS[39m [36mfrom[39m [32m'./Libraries/Components/DatePicker/DatePickerIOS'[39m[33m;[39m
 [90m    |[39m                                   [31m[1m^[22m[39m
 [90m 18 |[39m [36mimport[39m [36mtypeof[39m [33mDrawerLayoutAndroid[39m [36mfrom[39m [32m'./Libraries/Components/DrawerAndroid/DrawerLayoutAndroid'[39m[33m;[39m
 [90m 19 |[39m [36mimport[39m [36mtypeof[39m [33mFlatList[39m [36mfrom[39m [32m'./Libraries/Lists/FlatList'[39m[33m;[39m
 [90m 20 |[39m [36mimport[39m [36mtypeof[39m [33mImage[39m [36mfrom[39m [32m'./Libraries/Image/Image'[39m[33m;[39m[0m
    at ModuleResolver.resolveDependency (/Users/roops/AutomationTestining/AutomationTesting/repos/bd34a47c-c099-4d36-ac61-810edfff31ca/node_modules/metro/src/node-haste/DependencyGraph/ModuleResolution.js:136:15)
    at DependencyGraph.resolveDependency (/Users/roops/AutomationTestining/AutomationTesting/repos/bd34a47c-c099-4d36-ac61-810edfff31ca/node_modules/metro/src/node-haste/DependencyGraph.js:231:43)
    at Object.resolve (/Users/roops/AutomationTestining/AutomationTesting/repos/bd34a47c-c099-4d36-ac61-810edfff31ca/node_modules/metro/src/lib/transformHelpers.js:129:24)
    at resolve (/Users/roops/AutomationTestining/AutomationTesting/repos/bd34a47c-c099-4d36-ac61-810edfff31ca/node_modules/metro/src/DeltaBundler/traverseDependencies.js:396:33)
    at /Users/roops/AutomationTestining/AutomationTesting/repos/bd34a47c-c099-4d36-ac61-810edfff31ca/node_modules/metro/src/DeltaBundler/traverseDependencies.js:412:26
    at Array.reduce (<anonymous>)
    at resolveDependencies (/Users/roops/AutomationTestining/AutomationTesting/repos/bd34a47c-c099-4d36-ac61-810edfff31ca/node_modules/metro/src/DeltaBundler/traverseDependencies.js:411:33)
    at processModule (/Users/roops/AutomationTestining/AutomationTesting/repos/bd34a47c-c099-4d36-ac61-810edfff31ca/node_modules/metro/src/DeltaBundler/traverseDependencies.js:140:31)
    at async addDependency (/Users/roops/AutomationTestining/AutomationTesting/repos/bd34a47c-c099-4d36-ac61-810edfff31ca/node_modules/metro/src/DeltaBundler/traverseDependencies.js:230:18)
    at async Promise.all (index 1)
Error: Unable to resolve module ./Libraries/Components/DatePicker/DatePickerIOS from /Users/roops/AutomationTestining/AutomationTesting/repos/bd34a47c-c099-4d36-ac61-810edfff31ca/node_modules/react-native/index.js: 

None of these files exist:
  * node_modules/react-native/Libraries/Components/DatePicker/DatePickerIOS(.native|.native.js|.js|.native.json|.json|.native.ts|.ts|.native.tsx|.tsx)
  * node_modules/react-native/Libraries/Components/DatePicker/DatePickerIOS/index(.native|.native.js|.js|.native.json|.json|.native.ts|.ts|.native.tsx|.tsx)
[0m [90m 15 |[39m [36mimport[39m [36mtypeof[39m [33mActivityIndicator[39m [36mfrom[39m [32m'./Libraries/Components/ActivityIndicator/ActivityIndicator'[39m[33m;[39m
 [90m 16 |[39m [36mimport[39m [36mtypeof[39m [33mButton[39m [36mfrom[39m [32m'./Libraries/Components/Button'[39m[33m;[39m
[31m[1m>[22m[39m[90m 17 |[39m [36mimport[39m [36mtypeof[39m [33mDatePickerIOS[39m [36mfrom[39m [32m'./Libraries/Components/DatePicker/DatePickerIOS'[39m[33m;[39m
 [90m    |[39m                                   [31m[1m^[22m[39m
 [90m 18 |[39m [36mimport[39m [36mtypeof[39m [33mDrawerLayoutAndroid[39m [36mfrom[39m [32m'./Libraries/Components/DrawerAndroid/DrawerLayoutAndroid'[39m[33m;[39m
 [90m 19 |[39m [36mimport[39m [36mtypeof[39m [33mFlatList[39m [36mfrom[39m [32m'./Libraries/Lists/FlatList'[39m[33m;[39m
 [90m 20 |[39m [36mimport[39m [36mtypeof[39m [33mImage[39m [36mfrom[39m [32m'./Libraries/Image/Image'[39m[33m;[39m[0m
    at ModuleResolver.resolveDependency (/Users/roops/AutomationTestining/AutomationTesting/repos/bd34a47c-c099-4d36-ac61-810edfff31ca/node_modules/metro/src/node-haste/DependencyGraph/ModuleResolution.js:136:15)
    at DependencyGraph.resolveDependency (/Users/roops/AutomationTestining/AutomationTesting/repos/bd34a47c-c099-4d36-ac61-810edfff31ca/node_modules/metro/src/node-haste/DependencyGraph.js:231:43)
    at Object.resolve (/Users/roops/AutomationTestining/AutomationTesting/repos/bd34a47c-c099-4d36-ac61-810edfff31ca/node_modules/metro/src/lib/transformHelpers.js:129:24)
    at resolve (/Users/roops/AutomationTestining/AutomationTesting/repos/bd34a47c-c099-4d36-ac61-810edfff31ca/node_modules/metro/src/DeltaBundler/traverseDependencies.js:396:33)
    at /Users/roops/AutomationTestining/AutomationTesting/repos/bd34a47c-c099-4d36-ac61-810edfff31ca/node_modules/metro/src/DeltaBundler/traverseDependencies.js:412:26
    at Array.reduce (<anonymous>)
    at resolveDependencies (/Users/roops/AutomationTestining/AutomationTesting/repos/bd34a47c-c099-4d36-ac61-810edfff31ca/node_modules/metro/src/DeltaBundler/traverseDependencies.js:411:33)
    at processModule (/Users/roops/AutomationTestining/AutomationTesting/repos/bd34a47c-c099-4d36-ac61-810edfff31ca/node_modules/metro/src/DeltaBundler/traverseDependencies.js:140:31)
    at async addDependency (/Users/roops/AutomationTestining/AutomationTesting/repos/bd34a47c-c099-4d36-ac61-810edfff31ca/node_modules/metro/src/DeltaBundler/traverseDependencies.js:230:18)
    at async Promise.all (index 1)
 BUNDLE  ./index.js 

Error: Unable to resolve module ./Libraries/Components/DatePicker/DatePickerIOS from /Users/roops/AutomationTestining/AutomationTesting/repos/bd34a47c-c099-4d36-ac61-810edfff31ca/node_modules/react-native/index.js: 

None of these files exist:
  * node_modules/react-native/Libraries/Components/DatePicker/DatePickerIOS(.native|.native.js|.js|.native.json|.json|.native.ts|.ts|.native.tsx|.tsx)
  * node_modules/react-native/Libraries/Components/DatePicker/DatePickerIOS/index(.native|.native.js|.js|.native.json|.json|.native.ts|.ts|.native.tsx|.tsx)
[0m [90m 15 |[39m [36mimport[39m [36mtypeof[39m [33mActivityIndicator[39m [36mfrom[39m [32m'./Libraries/Components/ActivityIndicator/ActivityIndicator'[39m[33m;[39m
 [90m 16 |[39m [36mimport[39m [36mtypeof[39m [33mButton[39m [36mfrom[39m [32m'./Libraries/Components/Button'[39m[33m;[39m
[31m[1m>[22m[39m[90m 17 |[39m [36mimport[39m [36mtypeof[39m [33mDatePickerIOS[39m [36mfrom[39m [32m'./Libraries/Components/DatePicker/DatePickerIOS'[39m[33m;[39m
 [90m    |[39m                                   [31m[1m^[22m[39m
 [90m 18 |[39m [36mimport[39m [36mtypeof[39m [33mDrawerLayoutAndroid[39m [36mfrom[39m [32m'./Libraries/Components/DrawerAndroid/DrawerLayoutAndroid'[39m[33m;[39m
 [90m 19 |[39m [36mimport[39m [36mtypeof[39m [33mFlatList[39m [36mfrom[39m [32m'./Libraries/Lists/FlatList'[39m[33m;[39m
 [90m 20 |[39m [36mimport[39m [36mtypeof[39m [33mImage[39m [36mfrom[39m [32m'./Libraries/Image/Image'[39m[33m;[39m[0m
    at ModuleResolver.resolveDependency (/Users/roops/AutomationTestining/AutomationTesting/repos/bd34a47c-c099-4d36-ac61-810edfff31ca/node_modules/metro/src/node-haste/DependencyGraph/ModuleResolution.js:136:15)
    at DependencyGraph.resolveDependency (/Users/roops/AutomationTestining/AutomationTesting/repos/bd34a47c-c099-4d36-ac61-810edfff31ca/node_modules/metro/src/node-haste/DependencyGraph.js:231:43)
    at Object.resolve (/Users/roops/AutomationTestining/AutomationTesting/repos/bd34a47c-c099-4d36-ac61-810edfff31ca/node_modules/metro/src/lib/transformHelpers.js:129:24)
    at resolve (/Users/roops/AutomationTestining/AutomationTesting/repos/bd34a47c-c099-4d36-ac61-810edfff31ca/node_modules/metro/src/DeltaBundler/traverseDependencies.js:396:33)
    at /Users/roops/AutomationTestining/AutomationTesting/repos/bd34a47c-c099-4d36-ac61-810edfff31ca/node_modules/metro/src/DeltaBundler/traverseDependencies.js:412:26
    at Array.reduce (<anonymous>)
    at resolveDependencies (/Users/roops/AutomationTestining/AutomationTesting/repos/bd34a47c-c099-4d36-ac61-810edfff31ca/node_modules/metro/src/DeltaBundler/traverseDependencies.js:411:33)
    at processModule (/Users/roops/AutomationTestining/AutomationTesting/repos/bd34a47c-c099-4d36-ac61-810edfff31ca/node_modules/metro/src/DeltaBundler/traverseDependencies.js:140:31)
    at async addDependency (/Users/roops/AutomationTestining/AutomationTesting/repos/bd34a47c-c099-4d36-ac61-810edfff31ca/node_modules/metro/src/DeltaBundler/traverseDependencies.js:230:18)
    at async Promise.all (index 1)
Error: Unable to resolve module ./Libraries/Components/DatePicker/DatePickerIOS from /Users/roops/AutomationTestining/AutomationTesting/repos/bd34a47c-c099-4d36-ac61-810edfff31ca/node_modules/react-native/index.js: 

None of these files exist:
  * node_modules/react-native/Libraries/Components/DatePicker/DatePickerIOS(.native|.native.js|.js|.native.json|.json|.native.ts|.ts|.native.tsx|.tsx)
  * node_modules/react-native/Libraries/Components/DatePicker/DatePickerIOS/index(.native|.native.js|.js|.native.json|.json|.native.ts|.ts|.native.tsx|.tsx)
[0m [90m 15 |[39m [36mimport[39m [36mtypeof[39m [33mActivityIndicator[39m [36mfrom[39m [32m'./Libraries/Components/ActivityIndicator/ActivityIndicator'[39m[33m;[39m
 [90m 16 |[39m [36mimport[39m [36mtypeof[39m [33mButton[39m [36mfrom[39m [32m'./Libraries/Components/Button'[39m[33m;[39m
[31m[1m>[22m[39m[90m 17 |[39m [36mimport[39m [36mtypeof[39m [33mDatePickerIOS[39m [36mfrom[39m [32m'./Libraries/Components/DatePicker/DatePickerIOS'[39m[33m;[39m
 [90m    |[39m                                   [31m[1m^[22m[39m
 [90m 18 |[39m [36mimport[39m [36mtypeof[39m [33mDrawerLayoutAndroid[39m [36mfrom[39m [32m'./Libraries/Components/DrawerAndroid/DrawerLayoutAndroid'[39m[33m;[39m
 [90m 19 |[39m [36mimport[39m [36mtypeof[39m [33mFlatList[39m [36mfrom[39m [32m'./Libraries/Lists/FlatList'[39m[33m;[39m
 [90m 20 |[39m [36mimport[39m [36mtypeof[39m [33mImage[39m [36mfrom[39m [32m'./Libraries/Image/Image'[39m[33m;[39m[0m
    at ModuleResolver.resolveDependency (/Users/roops/AutomationTestining/AutomationTesting/repos/bd34a47c-c099-4d36-ac61-810edfff31ca/node_modules/metro/src/node-haste/DependencyGraph/ModuleResolution.js:136:15)
    at DependencyGraph.resolveDependency (/Users/roops/AutomationTestining/AutomationTesting/repos/bd34a47c-c099-4d36-ac61-810edfff31ca/node_modules/metro/src/node-haste/DependencyGraph.js:231:43)
    at Object.resolve (/Users/roops/AutomationTestining/AutomationTesting/repos/bd34a47c-c099-4d36-ac61-810edfff31ca/node_modules/metro/src/lib/transformHelpers.js:129:24)
    at resolve (/Users/roops/AutomationTestining/AutomationTesting/repos/bd34a47c-c099-4d36-ac61-810edfff31ca/node_modules/metro/src/DeltaBundler/traverseDependencies.js:396:33)
    at /Users/roops/AutomationTestining/AutomationTesting/repos/bd34a47c-c099-4d36-ac61-810edfff31ca/node_modules/metro/src/DeltaBundler/traverseDependencies.js:412:26
    at Array.reduce (<anonymous>)
    at resolveDependencies (/Users/roops/AutomationTestining/AutomationTesting/repos/bd34a47c-c099-4d36-ac61-810edfff31ca/node_modules/metro/src/DeltaBundler/traverseDependencies.js:411:33)
    at processModule (/Users/roops/AutomationTestining/AutomationTesting/repos/bd34a47c-c099-4d36-ac61-810edfff31ca/node_modules/metro/src/DeltaBundler/traverseDependencies.js:140:31)
    at async addDependency (/Users/roops/AutomationTestining/AutomationTesting/repos/bd34a47c-c099-4d36-ac61-810edfff31ca/node_modules/metro/src/DeltaBundler/traverseDependencies.js:230:18)
    at async Promise.all (index 1)
 WARN  Require cycle: node_modules/@react-native-firebase/messaging/lib/index.js -> node_modules/@react-native-firebase/messaging/lib/modular/index.js -> node_modules/@react-native-firebase/messaging/lib/index.js

Require cycles are allowed, but can result in uninitialized values. Consider refactoring to remove the need for a cycle.
 WARN  ViewPropTypes will be removed from React Native. Migrate to ViewPropTypes exported from 'deprecated-react-native-prop-types'.
 WARN  ViewPropTypes will be removed from React Native. Migrate to ViewPropTypes exported from 'deprecated-react-native-prop-types'.
 WARN  ViewPropTypes will be removed from React Native. Migrate to ViewPropTypes exported from 'deprecated-react-native-prop-types'.
 WARN  ViewPropTypes will be removed from React Native. Migrate to ViewPropTypes exported from 'deprecated-react-native-prop-types'.
 WARN  ViewPropTypes will be removed from React Native. Migrate to ViewPropTypes exported from 'deprecated-react-native-prop-types'.
 WARN  ViewPropTypes will be removed from React Native. Migrate to ViewPropTypes exported from 'deprecated-react-native-prop-types'.
 WARN  ViewPropTypes will be removed from React Native. Migrate to ViewPropTypes exported from 'deprecated-react-native-prop-types'.
 WARN  ViewPropTypes will be removed from React Native. Migrate to ViewPropTypes exported from 'deprecated-react-native-prop-types'.
 WARN  ViewPropTypes will be removed from React Native. Migrate to ViewPropTypes exported from 'deprecated-react-native-prop-types'.
 WARN  ViewPropTypes will be removed from React Native. Migrate to ViewPropTypes exported from 'deprecated-react-native-prop-types'.
 WARN  Require cycle: App/Components/NewModal/index.js -> App/Screens/Cart/ColapsibleCard.js -> App/Screens/Cart/Quantity.js -> App/Components/BottomSheet/BottomUpdate.js -> App/Components/Modal/index.js -> App/Components/NewModal/index.js

Require cycles are allowed, but can result in uninitialized values. Consider refactoring to remove the need for a cycle.
 WARN  ViewPropTypes will be removed from React Native. Migrate to ViewPropTypes exported from 'deprecated-react-native-prop-types'.
 WARN  ViewPropTypes will be removed from React Native. Migrate to ViewPropTypes exported from 'deprecated-react-native-prop-types'.
 WARN  ViewPropTypes will be removed from React Native. Migrate to ViewPropTypes exported from 'deprecated-react-native-prop-types'.
 LOG  Running "vyaconsumer" with {"rootTag":1,"initialProps":{}}
 ERROR  Warning: Each child in a list should have a unique "key" prop.

Check the render method of `VirtualizedList`. See https://reactjs.org/link/warning-keys for more information.
CellRenderer@http://localhost:8081/index.bundle:61386:36
    in VirtualizedList (at FlatList.js:644)
    in FlatList (at dist/index.js:153)
    in RCTView (at View.js:32)
    in View (at dist/index.js:152)
    in AppIntroSlider (at RootContainer.js:140)
    in RCTView (at View.js:32)
    in View (at RootContainer.js:127)
    in RootContainer (created by Connect(RootContainer))
    in Connect(RootContainer) (at App.js:76)
    in ThemeProvider (at PaperProvider.tsx:112)
    in RCTView (at View.js:32)
    in View (at PortalHost.tsx:126)
    in Portal.Host (at PaperProvider.tsx:104)
    in RCTView (at View.js:32)
    in View (at SafeAreaProviderCompat.tsx:46)
    in SafeAreaProviderCompat (at PaperProvider.tsx:103)
    in PaperProvider (at App.js:75)
    in StripeProvider (at App.js:74)
    in Provider (at App.js:73)
    in RNCSafeAreaProvider (at SafeAreaContext.tsx:76)
    in SafeAreaProvider (at App.js:72)
    in App (at renderApplication.js:50)
    in RCTView (at View.js:32)
    in View (at AppContainer.js:92)
    in RCTView (at View.js:32)
    in View (at AppContainer.js:119)
    in AppContainer (at renderApplication.js:43)
    in vyaconsumer(RootComponent) (at renderApplication.js:60)
 LOG  Authorization status: 1
 WARN  Found screens with the same name nested inside one another. Check:

Main > Home, Main > Home > Home

This can cause confusing behavior during navigation. Consider using unique names for each screen instead. 
BaseNavigationContainer@http://localhost:8081/index.bundle:135139:28
ThemeProvider@http://localhost:8081/index.bundle:140596:21
NavigationContainerInner@http://localhost:8081/index.bundle:140474:26
Navigation
RCTView
View
RootContainer@http://localhost:8081/index.bundle:134351:68
Connect(RootContainer)@http://localhost:8081/index.bundle:95622:43
ThemeProvider@http://localhost:8081/index.bundle:98001:38
RCTView
View
Portal.Host@http://localhost:8081/index.bundle:108268:36
RCTView
View
SafeAreaProviderCompat@http://localhost:8081/index.bundle:100504:24
PaperProvider@http://localhost:8081/index.bundle:100377:37
StripeProvider@http://localhost:8081/index.bundle:132957:24
Provider@http://localhost:8081/index.bundle:95225:21
RNCSafeAreaProvider
SafeAreaProvider@http://localhost:8081/index.bundle:100618:24
App@http://localhost:8081/index.bundle:93234:36
RCTView
View
RCTView
View
AppContainer@http://localhost:8081/index.bundle:65345:36
vyaconsumer(RootComponent)@http://localhost:8081/index.bundle:71292:28
 ERROR  no valid “aps-environment” entitlement string found for application {"code": 3000, "details": {"NSLocalizedDescription": "no valid “aps-environment” entitlement string found for application"}, "message": "no valid “aps-environment” entitlement string found for application"}
 LOG  📍 Auth locationCords: {"latitude": 12.9629, "longitude": 77.5775}
 LOG  ✅ Socket connected: mT493G7j72u3eNqLAAAU
 WARN  Possible Unhandled Promise Rejection (id: 0):
Error: [messaging/unregistered] You must be registered for remote messages before calling getToken, see messaging().registerDeviceForRemoteMessages().
NativeFirebaseError: [messaging/unregistered] You must be registered for remote messages before calling getToken, see messaging().registerDeviceForRemoteMessages().
_callee2$@http://localhost:8081/index.bundle:93274:83
tryCatch@http://localhost:8081/index.bundle:19834:22
@http://localhost:8081/index.bundle:19922:27
tryCatch@http://localhost:8081/index.bundle:19834:22
invoke@http://localhost:8081/index.bundle:19869:25
@http://localhost:8081/index.bundle:19874:19
tryCallOne@http://localhost:8081/index.bundle:23781:16
@http://localhost:8081/index.bundle:23862:27
@http://localhost:8081/index.bundle:24780:26
_callTimer@http://localhost:8081/index.bundle:24699:17
_callReactNativeMicrotasksPass@http://localhost:8081/index.bundle:24729:17
Error: Unable to resolve module ./Libraries/Components/DatePicker/DatePickerIOS from /Users/roops/AutomationTestining/AutomationTesting/repos/bd34a47c-c099-4d36-ac61-810edfff31ca/node_modules/react-native/index.js: 

None of these files exist:
  * node_modules/react-native/Libraries/Components/DatePicker/DatePickerIOS(.native|.native.js|.js|.native.json|.json|.native.ts|.ts|.native.tsx|.tsx)
  * node_modules/react-native/Libraries/Components/DatePicker/DatePickerIOS/index(.native|.native.js|.js|.native.json|.json|.native.ts|.ts|.native.tsx|.tsx)
[0m [90m 15 |[39m [36mimport[39m [36mtypeof[39m [33mActivityIndicator[39m [36mfrom[39m [32m'./Libraries/Components/ActivityIndicator/ActivityIndicator'[39m[33m;[39m
 [90m 16 |[39m [36mimport[39m [36mtypeof[39m [33mButton[39m [36mfrom[39m [32m'./Libraries/Components/Button'[39m[33m;[39m
[31m[1m>[22m[39m[90m 17 |[39m [36mimport[39m [36mtypeof[39m [33mDatePickerIOS[39m [36mfrom[39m [32m'./Libraries/Components/DatePicker/DatePickerIOS'[39m[33m;[39m
 [90m    |[39m                                   [31m[1m^[22m[39m
 [90m 18 |[39m [36mimport[39m [36mtypeof[39m [33mDrawerLayoutAndroid[39m [36mfrom[39m [32m'./Libraries/Components/DrawerAndroid/DrawerLayoutAndroid'[39m[33m;[39m
 [90m 19 |[39m [36mimport[39m [36mtypeof[39m [33mFlatList[39m [36mfrom[39m [32m'./Libraries/Lists/FlatList'[39m[33m;[39m
 [90m 20 |[39m [36mimport[39m [36mtypeof[39m [33mImage[39m [36mfrom[39m [32m'./Libraries/Image/Image'[39m[33m;[39m[0m
    at ModuleResolver.resolveDependency (/Users/roops/AutomationTestining/AutomationTesting/repos/bd34a47c-c099-4d36-ac61-810edfff31ca/node_modules/metro/src/node-haste/DependencyGraph/ModuleResolution.js:136:15)
    at DependencyGraph.resolveDependency (/Users/roops/AutomationTestining/AutomationTesting/repos/bd34a47c-c099-4d36-ac61-810edfff31ca/node_modules/metro/src/node-haste/DependencyGraph.js:231:43)
    at Object.resolve (/Users/roops/AutomationTestining/AutomationTesting/repos/bd34a47c-c099-4d36-ac61-810edfff31ca/node_modules/metro/src/lib/transformHelpers.js:129:24)
    at resolve (/Users/roops/AutomationTestining/AutomationTesting/repos/bd34a47c-c099-4d36-ac61-810edfff31ca/node_modules/metro/src/DeltaBundler/traverseDependencies.js:396:33)
    at /Users/roops/AutomationTestining/AutomationTesting/repos/bd34a47c-c099-4d36-ac61-810edfff31ca/node_modules/metro/src/DeltaBundler/traverseDependencies.js:412:26
    at Array.reduce (<anonymous>)
    at resolveDependencies (/Users/roops/AutomationTestining/AutomationTesting/repos/bd34a47c-c099-4d36-ac61-810edfff31ca/node_modules/metro/src/DeltaBundler/traverseDependencies.js:411:33)
    at processModule (/Users/roops/AutomationTestining/AutomationTesting/repos/bd34a47c-c099-4d36-ac61-810edfff31ca/node_modules/metro/src/DeltaBundler/traverseDependencies.js:140:31)
    at async addDependency (/Users/roops/AutomationTestining/AutomationTesting/repos/bd34a47c-c099-4d36-ac61-810edfff31ca/node_modules/metro/src/DeltaBundler/traverseDependencies.js:230:18)
    at async Promise.all (index 1)
Error: Unable to resolve module ./Libraries/Components/DatePicker/DatePickerIOS from /Users/roops/AutomationTestining/AutomationTesting/repos/bd34a47c-c099-4d36-ac61-810edfff31ca/node_modules/react-native/index.js: 

None of these files exist:
  * node_modules/react-native/Libraries/Components/DatePicker/DatePickerIOS(.native|.native.js|.js|.native.json|.json|.native.ts|.ts|.native.tsx|.tsx)
  * node_modules/react-native/Libraries/Components/DatePicker/DatePickerIOS/index(.native|.native.js|.js|.native.json|.json|.native.ts|.ts|.native.tsx|.tsx)
[0m [90m 15 |[39m [36mimport[39m [36mtypeof[39m [33mActivityIndicator[39m [36mfrom[39m [32m'./Libraries/Components/ActivityIndicator/ActivityIndicator'[39m[33m;[39m
 [90m 16 |[39m [36mimport[39m [36mtypeof[39m [33mButton[39m [36mfrom[39m [32m'./Libraries/Components/Button'[39m[33m;[39m
[31m[1m>[22m[39m[90m 17 |[39m [36mimport[39m [36mtypeof[39m [33mDatePickerIOS[39m [36mfrom[39m [32m'./Libraries/Components/DatePicker/DatePickerIOS'[39m[33m;[39m
 [90m    |[39m                                   [31m[1m^[22m[39m
 [90m 18 |[39m [36mimport[39m [36mtypeof[39m [33mDrawerLayoutAndroid[39m [36mfrom[39m [32m'./Libraries/Components/DrawerAndroid/DrawerLayoutAndroid'[39m[33m;[39m
 [90m 19 |[39m [36mimport[39m [36mtypeof[39m [33mFlatList[39m [36mfrom[39m [32m'./Libraries/Lists/FlatList'[39m[33m;[39m
 [90m 20 |[39m [36mimport[39m [36mtypeof[39m [33mImage[39m [36mfrom[39m [32m'./Libraries/Image/Image'[39m[33m;[39m[0m
    at ModuleResolver.resolveDependency (/Users/roops/AutomationTestining/AutomationTesting/repos/bd34a47c-c099-4d36-ac61-810edfff31ca/node_modules/metro/src/node-haste/DependencyGraph/ModuleResolution.js:136:15)
    at DependencyGraph.resolveDependency (/Users/roops/AutomationTestining/AutomationTesting/repos/bd34a47c-c099-4d36-ac61-810edfff31ca/node_modules/metro/src/node-haste/DependencyGraph.js:231:43)
    at Object.resolve (/Users/roops/AutomationTestining/AutomationTesting/repos/bd34a47c-c099-4d36-ac61-810edfff31ca/node_modules/metro/src/lib/transformHelpers.js:129:24)
    at resolve (/Users/roops/AutomationTestining/AutomationTesting/repos/bd34a47c-c099-4d36-ac61-810edfff31ca/node_modules/metro/src/DeltaBundler/traverseDependencies.js:396:33)
    at /Users/roops/AutomationTestining/AutomationTesting/repos/bd34a47c-c099-4d36-ac61-810edfff31ca/node_modules/metro/src/DeltaBundler/traverseDependencies.js:412:26
    at Array.reduce (<anonymous>)
    at resolveDependencies (/Users/roops/AutomationTestining/AutomationTesting/repos/bd34a47c-c099-4d36-ac61-810edfff31ca/node_modules/metro/src/DeltaBundler/traverseDependencies.js:411:33)
    at processModule (/Users/roops/AutomationTestining/AutomationTesting/repos/bd34a47c-c099-4d36-ac61-810edfff31ca/node_modules/metro/src/DeltaBundler/traverseDependencies.js:140:31)
    at async addDependency (/Users/roops/AutomationTestining/AutomationTesting/repos/bd34a47c-c099-4d36-ac61-810edfff31ca/node_modules/metro/src/DeltaBundler/traverseDependencies.js:230:18)
    at async Promise.all (index 1)
Error: Unable to resolve module ./Libraries/Components/DatePicker/DatePickerIOS from /Users/roops/AutomationTestining/AutomationTesting/repos/bd34a47c-c099-4d36-ac61-810edfff31ca/node_modules/react-native/index.js: 

None of these files exist:
  * node_modules/react-native/Libraries/Components/DatePicker/DatePickerIOS(.native|.native.js|.js|.native.json|.json|.native.ts|.ts|.native.tsx|.tsx)
  * node_modules/react-native/Libraries/Components/DatePicker/DatePickerIOS/index(.native|.native.js|.js|.native.json|.json|.native.ts|.ts|.native.tsx|.tsx)
[0m [90m 15 |[39m [36mimport[39m [36mtypeof[39m [33mActivityIndicator[39m [36mfrom[39m [32m'./Libraries/Components/ActivityIndicator/ActivityIndicator'[39m[33m;[39m
 [90m 16 |[39m [36mimport[39m [36mtypeof[39m [33mButton[39m [36mfrom[39m [32m'./Libraries/Components/Button'[39m[33m;[39m
[31m[1m>[22m[39m[90m 17 |[39m [36mimport[39m [36mtypeof[39m [33mDatePickerIOS[39m [36mfrom[39m [32m'./Libraries/Components/DatePicker/DatePickerIOS'[39m[33m;[39m
 [90m    |[39m                                   [31m[1m^[22m[39m
 [90m 18 |[39m [36mimport[39m [36mtypeof[39m [33mDrawerLayoutAndroid[39m [36mfrom[39m [32m'./Libraries/Components/DrawerAndroid/DrawerLayoutAndroid'[39m[33m;[39m
 [90m 19 |[39m [36mimport[39m [36mtypeof[39m [33mFlatList[39m [36mfrom[39m [32m'./Libraries/Lists/FlatList'[39m[33m;[39m
 [90m 20 |[39m [36mimport[39m [36mtypeof[39m [33mImage[39m [36mfrom[39m [32m'./Libraries/Image/Image'[39m[33m;[39m[0m
    at ModuleResolver.resolveDependency (/Users/roops/AutomationTestining/AutomationTesting/repos/bd34a47c-c099-4d36-ac61-810edfff31ca/node_modules/metro/src/node-haste/DependencyGraph/ModuleResolution.js:136:15)
    at DependencyGraph.resolveDependency (/Users/roops/AutomationTestining/AutomationTesting/repos/bd34a47c-c099-4d36-ac61-810edfff31ca/node_modules/metro/src/node-haste/DependencyGraph.js:231:43)
    at Object.resolve (/Users/roops/AutomationTestining/AutomationTesting/repos/bd34a47c-c099-4d36-ac61-810edfff31ca/node_modules/metro/src/lib/transformHelpers.js:129:24)
    at resolve (/Users/roops/AutomationTestining/AutomationTesting/repos/bd34a47c-c099-4d36-ac61-810edfff31ca/node_modules/metro/src/DeltaBundler/traverseDependencies.js:396:33)
    at /Users/roops/AutomationTestining/AutomationTesting/repos/bd34a47c-c099-4d36-ac61-810edfff31ca/node_modules/metro/src/DeltaBundler/traverseDependencies.js:412:26
    at Array.reduce (<anonymous>)
    at resolveDependencies (/Users/roops/AutomationTestining/AutomationTesting/repos/bd34a47c-c099-4d36-ac61-810edfff31ca/node_modules/metro/src/DeltaBundler/traverseDependencies.js:411:33)
    at processModule (/Users/roops/AutomationTestining/AutomationTesting/repos/bd34a47c-c099-4d36-ac61-810edfff31ca/node_modules/metro/src/DeltaBundler/traverseDependencies.js:140:31)
    at async addDependency (/Users/roops/AutomationTestining/AutomationTesting/repos/bd34a47c-c099-4d36-ac61-810edfff31ca/node_modules/metro/src/DeltaBundler/traverseDependencies.js:230:18)
    at async Promise.all (index 1)
 ERROR  Warning: Each child in a list should have a unique "key" prop.

Check the render method of `HomeContainer`. See https://reactjs.org/link/warning-keys for more information.
    in HomeContainer (at Home/index.js:1253)
    in RCTView (at View.js:32)
    in View (at VirtualizedList.js:2063)
    in VirtualizedListCellContextProvider (at VirtualizedList.js:2078)
    in CellRenderer (at VirtualizedList.js:816)
    in RCTScrollContentView (at ScrollView.js:1682)
    in RCTScrollView (at ScrollView.js:1775)
    in ScrollView (at ScrollView.js:1826)
    in ScrollView (at VirtualizedList.js:1267)
    in VirtualizedListContextProvider (at VirtualizedList.js:1099)
    in VirtualizedList (at FlatList.js:644)
    in FlatList (at AnimatedFlatList.js:22)
    in Unknown (at createAnimatedComponent.js:211)
    in AnimatedComponent (at createAnimatedComponent.js:264)
    in AnimatedComponentWrapper (at Home/index.js:1627)
    in RCTView (at View.js:32)
    in View (at Home/index.js:1610)
    in RCTView (at View.js:32)
    in View (at Home/index.js:1533)
    in RCTSafeAreaView (at SafeAreaView.js:51)
    in SafeAreaView (at Home/index.js:1532)
    in Home (created by Connect(Home))
    in Connect(Home) (at SceneView.tsx:132)
    in StaticContainer
    in EnsureSingleNavigator (at SceneView.tsx:124)
    in SceneView (at useDescriptors.tsx:218)
    in RCTView (at View.js:32)
    in View (at Screen.tsx:63)
    in RCTView (at View.js:32)
    in View (at Background.tsx:13)
    in Background (at Screen.tsx:58)
    in Screen (at BottomTabView.tsx:135)
    in RCTView (at View.js:32)
    in View (at ResourceSavingView.tsx:42)
    in RCTView (at View.js:32)
    in View (at ResourceSavingView.tsx:37)
    in ResourceSavingScene (at ScreenFallback.tsx:46)
    in MaybeScreen (at BottomTabView.tsx:127)
    in RCTView (at View.js:32)
    in View (at ScreenFallback.tsx:33)
    in MaybeScreenContainer (at BottomTabView.tsx:93)
    in RCTView (at View.js:32)
    in View (at SafeAreaProviderCompat.tsx:43)
    in SafeAreaProviderCompat (at BottomTabView.tsx:92)
    in BottomTabView (at createBottomTabNavigator.tsx:118)
    in PreventRemoveProvider (at useNavigationBuilder.tsx:718)
    in NavigationContent (at useComponent.tsx:35)
    in Unknown (at createBottomTabNavigator.tsx:117)
    in BottomTabNavigator (at BottomNavigator.js:211)
    in BottomNavigator (created by Connect(BottomNavigator))
    in Connect(BottomNavigator) (at SceneView.tsx:132)
    in StaticContainer
    in EnsureSingleNavigator (at SceneView.tsx:124)
    in SceneView (at useDescriptors.tsx:218)
    in RCTView (at View.js:32)
    in View (at CardContainer.tsx:281)
    in RCTView (at View.js:32)
    in View (at CardContainer.tsx:279)
    in RCTView (at View.js:32)
    in View (at CardSheet.tsx:45)
    in CardSheet (at Card.tsx:563)
    in RCTView (at View.js:32)
    in View (at createAnimatedComponent.js:211)
    in AnimatedComponent (at createAnimatedComponent.js:264)
    in AnimatedComponentWrapper (at Card.tsx:542)
    in PanGestureHandler (at GestureHandlerNative.tsx:14)
    in PanGestureHandler (at Card.tsx:536)
    in RCTView (at View.js:32)
    in View (at createAnimatedComponent.js:211)
    in AnimatedComponent (at createAnimatedComponent.js:264)
    in AnimatedComponentWrapper (at Card.tsx:532)
    in RCTView (at View.js:32)
    in View (at Card.tsx:520)
    in Card (at CardContainer.tsx:219)
    in CardContainer (at CardStack.tsx:673)
    in RCTView (at View.js:32)
    in View (at createAnimatedComponent.js:211)
    in AnimatedComponent (at createAnimatedComponent.js:264)
    in AnimatedComponentWrapper (at src/index.native.tsx:114)
    in Screen (at Screens.tsx:38)
    in MaybeScreen (at CardStack.tsx:665)
    in RCTView (at View.js:32)
    in View (at src/index.native.tsx:145)
    in ScreenContainer (at Screens.tsx:20)
    in MaybeScreenContainer (at CardStack.tsx:572)
    in RCTView (at View.js:32)
    in View (at Background.tsx:13)
    in Background (at CardStack.tsx:570)
    in CardStack (at StackView.tsx:437)
    in RCTView (at View.js:32)
    in View (at SafeAreaProviderCompat.tsx:43)
    in SafeAreaProviderCompat (at StackView.tsx:430)
    in RCTView (at View.js:32)
    in View (at GestureHandlerRootView.tsx:17)
    in GestureHandlerRootView (at StackView.tsx:429)
    in StackView (at createStackNavigator.tsx:121)
    in PreventRemoveProvider (at useNavigationBuilder.tsx:718)
    in NavigationContent (at useComponent.tsx:35)
    in Unknown (at createStackNavigator.tsx:120)
    in StackNavigator (at StackNavigator.js:162)
    in RCTView (at View.js:32)
    in View (at createAnimatedComponent.tsx:688)
    in AnimatedComponent(View) (at createAnimatedComponent.tsx:699)
    in Unknown (at StackNavigator.js:160)
    in StackNavigator (created by Connect(StackNavigator))
    in Connect(StackNavigator) (at Navigation.js:51)
    in StaticContainer
    in EnsureSingleNavigator (at SceneView.tsx:124)
    in SceneView (at useDescriptors.tsx:218)
    in RCTView (at View.js:32)
    in View (at Screen.tsx:63)
    in RCTView (at View.js:32)
    in View (at Background.tsx:13)
    in Background (at Screen.tsx:58)
    in Screen (at DrawerView.tsx:234)
    in RCTView (at View.js:32)
    in View (at ResourceSavingView.tsx:42)
    in RCTView (at View.js:32)
    in View (at ResourceSavingView.tsx:37)
    in ResourceSavingScene (at ScreenFallback.tsx:46)
    in MaybeScreen (at DrawerView.tsx:227)
    in RCTView (at View.js:32)
    in View (at ScreenFallback.tsx:33)
    in MaybeScreenContainer (at DrawerView.tsx:188)
    in RCTView (at View.js:32)
    in View (at Drawer.tsx:366)
    in RCTView (at View.js:32)
    in View (at createAnimatedComponent.tsx:688)
    in AnimatedComponent(View) (at createAnimatedComponent.tsx:699)
    in Unknown (at Drawer.tsx:365)
    in RCTView (at View.js:32)
    in View (at createAnimatedComponent.tsx:688)
    in AnimatedComponent(View) (at createAnimatedComponent.tsx:699)
    in Unknown (at Drawer.tsx:356)
    in PanGestureHandler (at GestureHandlerNative.tsx:14)
    in PanGestureHandler (at Drawer.tsx:347)
    in Drawer (at DrawerView.tsx:261)
    in DrawerViewBase (at DrawerView.tsx:306)
    in RCTView (at View.js:32)
    in View (at GestureHandlerRootView.tsx:17)
    in GestureHandlerRootView (at DrawerView.tsx:305)
    in RCTView (at View.js:32)
    in View (at SafeAreaProviderCompat.tsx:43)
    in SafeAreaProviderCompat (at DrawerView.tsx:304)
    in DrawerView (at createDrawerNavigator.tsx:128)
    in PreventRemoveProvider (at useNavigationBuilder.tsx:718)
    in NavigationContent (at useComponent.tsx:35)
    in Unknown (at createDrawerNavigator.tsx:127)
    in DrawerNavigator (at Navigation.js:31)
    in EnsureSingleNavigator (at BaseNavigationContainer.tsx:433)
    in BaseNavigationContainer (at NavigationContainer.tsx:132)
    in ThemeProvider (at NavigationContainer.tsx:131)
    in NavigationContainerInner (at Navigation.js:30)
    in Navigation (at RootContainer.js:138)
    in RCTView (at View.js:32)
    in View (at RootContainer.js:127)
    in RootContainer (created by Connect(RootContainer))
    in Connect(RootContainer) (at App.js:76)
    in ThemeProvider (at PaperProvider.tsx:112)
    in RCTView (at View.js:32)
    in View (at PortalHost.tsx:126)
    in Portal.Host (at PaperProvider.tsx:104)
    in RCTView (at View.js:32)
    in View (at SafeAreaProviderCompat.tsx:46)
    in SafeAreaProviderCompat (at PaperProvider.tsx:103)
    in PaperProvider (at App.js:75)
    in StripeProvider (at App.js:74)
    in Provider (at App.js:73)
    in RNCSafeAreaProvider (at SafeAreaContext.tsx:76)
    in SafeAreaProvider (at App.js:72)
    in App (at renderApplication.js:50)
    in RCTView (at View.js:32)
    in View (at AppContainer.js:92)
    in RCTView (at View.js:32)
    in View (at AppContainer.js:119)
    in AppContainer (at renderApplication.js:43)
    in vyaconsumer(RootComponent) (at renderApplication.js:60)
Error: Unable to resolve module ./Libraries/Components/DatePicker/DatePickerIOS from /Users/roops/AutomationTestining/AutomationTesting/repos/bd34a47c-c099-4d36-ac61-810edfff31ca/node_modules/react-native/index.js: 

None of these files exist:
  * node_modules/react-native/Libraries/Components/DatePicker/DatePickerIOS(.native|.native.js|.js|.native.json|.json|.native.ts|.ts|.native.tsx|.tsx)
  * node_modules/react-native/Libraries/Components/DatePicker/DatePickerIOS/index(.native|.native.js|.js|.native.json|.json|.native.ts|.ts|.native.tsx|.tsx)
[0m [90m 15 |[39m [36mimport[39m [36mtypeof[39m [33mActivityIndicator[39m [36mfrom[39m [32m'./Libraries/Components/ActivityIndicator/ActivityIndicator'[39m[33m;[39m
 [90m 16 |[39m [36mimport[39m [36mtypeof[39m [33mButton[39m [36mfrom[39m [32m'./Libraries/Components/Button'[39m[33m;[39m
[31m[1m>[22m[39m[90m 17 |[39m [36mimport[39m [36mtypeof[39m [33mDatePickerIOS[39m [36mfrom[39m [32m'./Libraries/Components/DatePicker/DatePickerIOS'[39m[33m;[39m
 [90m    |[39m                                   [31m[1m^[22m[39m
 [90m 18 |[39m [36mimport[39m [36mtypeof[39m [33mDrawerLayoutAndroid[39m [36mfrom[39m [32m'./Libraries/Components/DrawerAndroid/DrawerLayoutAndroid'[39m[33m;[39m
 [90m 19 |[39m [36mimport[39m [36mtypeof[39m [33mFlatList[39m [36mfrom[39m [32m'./Libraries/Lists/FlatList'[39m[33m;[39m
 [90m 20 |[39m [36mimport[39m [36mtypeof[39m [33mImage[39m [36mfrom[39m [32m'./Libraries/Image/Image'[39m[33m;[39m[0m
    at ModuleResolver.resolveDependency (/Users/roops/AutomationTestining/AutomationTesting/repos/bd34a47c-c099-4d36-ac61-810edfff31ca/node_modules/metro/src/node-haste/DependencyGraph/ModuleResolution.js:136:15)
    at DependencyGraph.resolveDependency (/Users/roops/AutomationTestining/AutomationTesting/repos/bd34a47c-c099-4d36-ac61-810edfff31ca/node_modules/metro/src/node-haste/DependencyGraph.js:231:43)
    at Object.resolve (/Users/roops/AutomationTestining/AutomationTesting/repos/bd34a47c-c099-4d36-ac61-810edfff31ca/node_modules/metro/src/lib/transformHelpers.js:129:24)
    at resolve (/Users/roops/AutomationTestining/AutomationTesting/repos/bd34a47c-c099-4d36-ac61-810edfff31ca/node_modules/metro/src/DeltaBundler/traverseDependencies.js:396:33)
    at /Users/roops/AutomationTestining/AutomationTesting/repos/bd34a47c-c099-4d36-ac61-810edfff31ca/node_modules/metro/src/DeltaBundler/traverseDependencies.js:412:26
    at Array.reduce (<anonymous>)
    at resolveDependencies (/Users/roops/AutomationTestining/AutomationTesting/repos/bd34a47c-c099-4d36-ac61-810edfff31ca/node_modules/metro/src/DeltaBundler/traverseDependencies.js:411:33)
    at processModule (/Users/roops/AutomationTestining/AutomationTesting/repos/bd34a47c-c099-4d36-ac61-810edfff31ca/node_modules/metro/src/DeltaBundler/traverseDependencies.js:140:31)
    at async addDependency (/Users/roops/AutomationTestining/AutomationTesting/repos/bd34a47c-c099-4d36-ac61-810edfff31ca/node_modules/metro/src/DeltaBundler/traverseDependencies.js:230:18)
    at async Promise.all (index 1)
 ERROR  Warning: Rendering <Context> directly is not supported and will be removed in a future major release. Did you mean to render <Context.Consumer> instead?
    in RCTView (at View.js:32)
    in View (at HeaderScrollImage/index.js:101)
    in Test (at Reservation.js:1946)
    in Reservation (created by Connect(Reservation))
    in Connect(Reservation) (at SceneView.tsx:132)
    in StaticContainer
    in EnsureSingleNavigator (at SceneView.tsx:124)
    in SceneView (at useDescriptors.tsx:218)
    in RCTView (at View.js:32)
    in View (at CardContainer.tsx:281)
    in RCTView (at View.js:32)
    in View (at CardContainer.tsx:279)
    in RCTView (at View.js:32)
    in View (at CardSheet.tsx:45)
    in CardSheet (at Card.tsx:563)
    in RCTView (at View.js:32)
    in View (at createAnimatedComponent.js:211)
    in AnimatedComponent (at createAnimatedComponent.js:264)
    in AnimatedComponentWrapper (at Card.tsx:542)
    in PanGestureHandler (at GestureHandlerNative.tsx:14)
    in PanGestureHandler (at Card.tsx:536)
    in RCTView (at View.js:32)
    in View (at createAnimatedComponent.js:211)
    in AnimatedComponent (at createAnimatedComponent.js:264)
    in AnimatedComponentWrapper (at Card.tsx:532)
    in RCTView (at View.js:32)
    in View (at Card.tsx:520)
    in Card (at CardContainer.tsx:219)
    in CardContainer (at CardStack.tsx:673)
    in RCTView (at View.js:32)
    in View (at createAnimatedComponent.js:211)
    in AnimatedComponent (at createAnimatedComponent.js:264)
    in AnimatedComponentWrapper (at src/index.native.tsx:114)
    in Screen (at Screens.tsx:38)
    in MaybeScreen (at CardStack.tsx:665)
    in RCTView (at View.js:32)
    in View (at src/index.native.tsx:145)
    in ScreenContainer (at Screens.tsx:20)
    in MaybeScreenContainer (at CardStack.tsx:572)
    in RCTView (at View.js:32)
    in View (at Background.tsx:13)
    in Background (at CardStack.tsx:570)
    in CardStack (at StackView.tsx:437)
    in RCTView (at View.js:32)
    in View (at SafeAreaProviderCompat.tsx:43)
    in SafeAreaProviderCompat (at StackView.tsx:430)
    in RCTView (at View.js:32)
    in View (at GestureHandlerRootView.tsx:17)
    in GestureHandlerRootView (at StackView.tsx:429)
    in StackView (at createStackNavigator.tsx:121)
    in PreventRemoveProvider (at useNavigationBuilder.tsx:718)
    in NavigationContent (at useComponent.tsx:35)
    in Unknown (at createStackNavigator.tsx:120)
    in StackNavigator (at StackNavigator.js:162)
    in RCTView (at View.js:32)
    in View (at createAnimatedComponent.tsx:688)
    in AnimatedComponent(View) (at createAnimatedComponent.tsx:699)
    in Unknown (at StackNavigator.js:160)
    in StackNavigator (created by Connect(StackNavigator))
    in Connect(StackNavigator) (at Navigation.js:51)
    in StaticContainer
    in EnsureSingleNavigator (at SceneView.tsx:124)
    in SceneView (at useDescriptors.tsx:218)
    in RCTView (at View.js:32)
    in View (at Screen.tsx:63)
    in RCTView (at View.js:32)
    in View (at Background.tsx:13)
    in Background (at Screen.tsx:58)
    in Screen (at DrawerView.tsx:234)
    in RCTView (at View.js:32)
    in View (at ResourceSavingView.tsx:42)
    in RCTView (at View.js:32)
    in View (at ResourceSavingView.tsx:37)
    in ResourceSavingScene (at ScreenFallback.tsx:46)
    in MaybeScreen (at DrawerView.tsx:227)
    in RCTView (at View.js:32)
    in View (at ScreenFallback.tsx:33)
    in MaybeScreenContainer (at DrawerView.tsx:188)
    in RCTView (at View.js:32)
    in View (at Drawer.tsx:366)
    in RCTView (at View.js:32)
    in View (at createAnimatedComponent.tsx:688)
    in AnimatedComponent(View) (at createAnimatedComponent.tsx:699)
    in Unknown (at Drawer.tsx:365)
    in RCTView (at View.js:32)
    in View (at createAnimatedComponent.tsx:688)
    in AnimatedComponent(View) (at createAnimatedComponent.tsx:699)
    in Unknown (at Drawer.tsx:356)
    in PanGestureHandler (at GestureHandlerNative.tsx:14)
    in PanGestureHandler (at Drawer.tsx:347)
    in Drawer (at DrawerView.tsx:261)
    in DrawerViewBase (at DrawerView.tsx:306)
    in RCTView (at View.js:32)
    in View (at GestureHandlerRootView.tsx:17)
    in GestureHandlerRootView (at DrawerView.tsx:305)
    in RCTView (at View.js:32)
    in View (at SafeAreaProviderCompat.tsx:43)
    in SafeAreaProviderCompat (at DrawerView.tsx:304)
    in DrawerView (at createDrawerNavigator.tsx:128)
    in PreventRemoveProvider (at useNavigationBuilder.tsx:718)
    in NavigationContent (at useComponent.tsx:35)
    in Unknown (at createDrawerNavigator.tsx:127)
    in DrawerNavigator (at Navigation.js:31)
    in EnsureSingleNavigator (at BaseNavigationContainer.tsx:433)
    in BaseNavigationContainer (at NavigationContainer.tsx:132)
    in ThemeProvider (at NavigationContainer.tsx:131)
    in NavigationContainerInner (at Navigation.js:30)
    in Navigation (at RootContainer.js:138)
    in RCTView (at View.js:32)
    in View (at RootContainer.js:127)
    in RootContainer (created by Connect(RootContainer))
    in Connect(RootContainer) (at App.js:76)
    in ThemeProvider (at PaperProvider.tsx:112)
    in RCTView (at View.js:32)
    in View (at PortalHost.tsx:126)
    in Portal.Host (at PaperProvider.tsx:104)
    in RCTView (at View.js:32)
    in View (at SafeAreaProviderCompat.tsx:46)
    in SafeAreaProviderCompat (at PaperProvider.tsx:103)
    in PaperProvider (at App.js:75)
    in StripeProvider (at App.js:74)
    in Provider (at App.js:73)
    in RNCSafeAreaProvider (at SafeAreaContext.tsx:76)
    in SafeAreaProvider (at App.js:72)
    in App (at renderApplication.js:50)
    in RCTView (at View.js:32)
    in View (at AppContainer.js:92)
    in RCTView (at View.js:32)
    in View (at AppContainer.js:119)
    in AppContainer (at renderApplication.js:43)
    in vyaconsumer(RootComponent) (at renderApplication.js:60)
 ERROR  Warning: Each child in a list should have a unique "key" prop.

Check the render method of `Reservation`. See https://reactjs.org/link/warning-keys for more information.
    in Reservation (created by Connect(Reservation))
    in Connect(Reservation) (at SceneView.tsx:132)
    in StaticContainer
    in EnsureSingleNavigator (at SceneView.tsx:124)
    in SceneView (at useDescriptors.tsx:218)
    in RCTView (at View.js:32)
    in View (at CardContainer.tsx:281)
    in RCTView (at View.js:32)
    in View (at CardContainer.tsx:279)
    in RCTView (at View.js:32)
    in View (at CardSheet.tsx:45)
    in CardSheet (at Card.tsx:563)
    in RCTView (at View.js:32)
    in View (at createAnimatedComponent.js:211)
    in AnimatedComponent (at createAnimatedComponent.js:264)
    in AnimatedComponentWrapper (at Card.tsx:542)
    in PanGestureHandler (at GestureHandlerNative.tsx:14)
    in PanGestureHandler (at Card.tsx:536)
    in RCTView (at View.js:32)
    in View (at createAnimatedComponent.js:211)
    in AnimatedComponent (at createAnimatedComponent.js:264)
    in AnimatedComponentWrapper (at Card.tsx:532)
    in RCTView (at View.js:32)
    in View (at Card.tsx:520)
    in Card (at CardContainer.tsx:219)
    in CardContainer (at CardStack.tsx:673)
    in RCTView (at View.js:32)
    in View (at createAnimatedComponent.js:211)
    in AnimatedComponent (at createAnimatedComponent.js:264)
    in AnimatedComponentWrapper (at src/index.native.tsx:114)
    in Screen (at Screens.tsx:38)
    in MaybeScreen (at CardStack.tsx:665)
    in RCTView (at View.js:32)
    in View (at src/index.native.tsx:145)
    in ScreenContainer (at Screens.tsx:20)
    in MaybeScreenContainer (at CardStack.tsx:572)
    in RCTView (at View.js:32)
    in View (at Background.tsx:13)
    in Background (at CardStack.tsx:570)
    in CardStack (at StackView.tsx:437)
    in RCTView (at View.js:32)
    in View (at SafeAreaProviderCompat.tsx:43)
    in SafeAreaProviderCompat (at StackView.tsx:430)
    in RCTView (at View.js:32)
    in View (at GestureHandlerRootView.tsx:17)
    in GestureHandlerRootView (at StackView.tsx:429)
    in StackView (at createStackNavigator.tsx:121)
    in PreventRemoveProvider (at useNavigationBuilder.tsx:718)
    in NavigationContent (at useComponent.tsx:35)
    in Unknown (at createStackNavigator.tsx:120)
    in StackNavigator (at StackNavigator.js:162)
    in RCTView (at View.js:32)
    in View (at createAnimatedComponent.tsx:688)
    in AnimatedComponent(View) (at createAnimatedComponent.tsx:699)
    in Unknown (at StackNavigator.js:160)
    in StackNavigator (created by Connect(StackNavigator))
    in Connect(StackNavigator) (at Navigation.js:51)
    in StaticContainer
    in EnsureSingleNavigator (at SceneView.tsx:124)
    in SceneView (at useDescriptors.tsx:218)
    in RCTView (at View.js:32)
    in View (at Screen.tsx:63)
    in RCTView (at View.js:32)
    in View (at Background.tsx:13)
    in Background (at Screen.tsx:58)
    in Screen (at DrawerView.tsx:234)
    in RCTView (at View.js:32)
    in View (at ResourceSavingView.tsx:42)
    in RCTView (at View.js:32)
    in View (at ResourceSavingView.tsx:37)
    in ResourceSavingScene (at ScreenFallback.tsx:46)
    in MaybeScreen (at DrawerView.tsx:227)
    in RCTView (at View.js:32)
    in View (at ScreenFallback.tsx:33)
    in MaybeScreenContainer (at DrawerView.tsx:188)
    in RCTView (at View.js:32)
    in View (at Drawer.tsx:366)
    in RCTView (at View.js:32)
    in View (at createAnimatedComponent.tsx:688)
    in AnimatedComponent(View) (at createAnimatedComponent.tsx:699)
    in Unknown (at Drawer.tsx:365)
    in RCTView (at View.js:32)
    in View (at createAnimatedComponent.tsx:688)
    in AnimatedComponent(View) (at createAnimatedComponent.tsx:699)
    in Unknown (at Drawer.tsx:356)
    in PanGestureHandler (at GestureHandlerNative.tsx:14)
    in PanGestureHandler (at Drawer.tsx:347)
    in Drawer (at DrawerView.tsx:261)
    in DrawerViewBase (at DrawerView.tsx:306)
    in RCTView (at View.js:32)
    in View (at GestureHandlerRootView.tsx:17)
    in GestureHandlerRootView (at DrawerView.tsx:305)
    in RCTView (at View.js:32)
    in View (at SafeAreaProviderCompat.tsx:43)
    in SafeAreaProviderCompat (at DrawerView.tsx:304)
    in DrawerView (at createDrawerNavigator.tsx:128)
    in PreventRemoveProvider (at useNavigationBuilder.tsx:718)
    in NavigationContent (at useComponent.tsx:35)
    in Unknown (at createDrawerNavigator.tsx:127)
    in DrawerNavigator (at Navigation.js:31)
    in EnsureSingleNavigator (at BaseNavigationContainer.tsx:433)
    in BaseNavigationContainer (at NavigationContainer.tsx:132)
    in ThemeProvider (at NavigationContainer.tsx:131)
    in NavigationContainerInner (at Navigation.js:30)
    in Navigation (at RootContainer.js:138)
    in RCTView (at View.js:32)
    in View (at RootContainer.js:127)
    in RootContainer (created by Connect(RootContainer))
    in Connect(RootContainer) (at App.js:76)
    in ThemeProvider (at PaperProvider.tsx:112)
    in RCTView (at View.js:32)
    in View (at PortalHost.tsx:126)
    in Portal.Host (at PaperProvider.tsx:104)
    in RCTView (at View.js:32)
    in View (at SafeAreaProviderCompat.tsx:46)
    in SafeAreaProviderCompat (at PaperProvider.tsx:103)
    in PaperProvider (at App.js:75)
    in StripeProvider (at App.js:74)
    in Provider (at App.js:73)
    in RNCSafeAreaProvider (at SafeAreaContext.tsx:76)
    in SafeAreaProvider (at App.js:72)
    in App (at renderApplication.js:50)
    in RCTView (at View.js:32)
    in View (at AppContainer.js:92)
    in RCTView (at View.js:32)
    in View (at AppContainer.js:119)
    in AppContainer (at renderApplication.js:43)
    in vyaconsumer(RootComponent) (at renderApplication.js:60)
Error: Unable to resolve module ./Libraries/Components/DatePicker/DatePickerIOS from /Users/roops/AutomationTestining/AutomationTesting/repos/bd34a47c-c099-4d36-ac61-810edfff31ca/node_modules/react-native/index.js: 

None of these files exist:
  * node_modules/react-native/Libraries/Components/DatePicker/DatePickerIOS(.native|.native.js|.js|.native.json|.json|.native.ts|.ts|.native.tsx|.tsx)
  * node_modules/react-native/Libraries/Components/DatePicker/DatePickerIOS/index(.native|.native.js|.js|.native.json|.json|.native.ts|.ts|.native.tsx|.tsx)
[0m [90m 15 |[39m [36mimport[39m [36mtypeof[39m [33mActivityIndicator[39m [36mfrom[39m [32m'./Libraries/Components/ActivityIndicator/ActivityIndicator'[39m[33m;[39m
 [90m 16 |[39m [36mimport[39m [36mtypeof[39m [33mButton[39m [36mfrom[39m [32m'./Libraries/Components/Button'[39m[33m;[39m
[31m[1m>[22m[39m[90m 17 |[39m [36mimport[39m [36mtypeof[39m [33mDatePickerIOS[39m [36mfrom[39m [32m'./Libraries/Components/DatePicker/DatePickerIOS'[39m[33m;[39m
 [90m    |[39m                                   [31m[1m^[22m[39m
 [90m 18 |[39m [36mimport[39m [36mtypeof[39m [33mDrawerLayoutAndroid[39m [36mfrom[39m [32m'./Libraries/Components/DrawerAndroid/DrawerLayoutAndroid'[39m[33m;[39m
 [90m 19 |[39m [36mimport[39m [36mtypeof[39m [33mFlatList[39m [36mfrom[39m [32m'./Libraries/Lists/FlatList'[39m[33m;[39m
 [90m 20 |[39m [36mimport[39m [36mtypeof[39m [33mImage[39m [36mfrom[39m [32m'./Libraries/Image/Image'[39m[33m;[39m[0m
    at ModuleResolver.resolveDependency (/Users/roops/AutomationTestining/AutomationTesting/repos/bd34a47c-c099-4d36-ac61-810edfff31ca/node_modules/metro/src/node-haste/DependencyGraph/ModuleResolution.js:136:15)
    at DependencyGraph.resolveDependency (/Users/roops/AutomationTestining/AutomationTesting/repos/bd34a47c-c099-4d36-ac61-810edfff31ca/node_modules/metro/src/node-haste/DependencyGraph.js:231:43)
    at Object.resolve (/Users/roops/AutomationTestining/AutomationTesting/repos/bd34a47c-c099-4d36-ac61-810edfff31ca/node_modules/metro/src/lib/transformHelpers.js:129:24)
    at resolve (/Users/roops/AutomationTestining/AutomationTesting/repos/bd34a47c-c099-4d36-ac61-810edfff31ca/node_modules/metro/src/DeltaBundler/traverseDependencies.js:396:33)
    at /Users/roops/AutomationTestining/AutomationTesting/repos/bd34a47c-c099-4d36-ac61-810edfff31ca/node_modules/metro/src/DeltaBundler/traverseDependencies.js:412:26
    at Array.reduce (<anonymous>)
    at resolveDependencies (/Users/roops/AutomationTestining/AutomationTesting/repos/bd34a47c-c099-4d36-ac61-810edfff31ca/node_modules/metro/src/DeltaBundler/traverseDependencies.js:411:33)
    at processModule (/Users/roops/AutomationTestining/AutomationTesting/repos/bd34a47c-c099-4d36-ac61-810edfff31ca/node_modules/metro/src/DeltaBundler/traverseDependencies.js:140:31)
    at async addDependency (/Users/roops/AutomationTestining/AutomationTesting/repos/bd34a47c-c099-4d36-ac61-810edfff31ca/node_modules/metro/src/DeltaBundler/traverseDependencies.js:230:18)
    at async Promise.all (index 1)
 BUNDLE  ./index.js 

Error: Unable to resolve module ./Libraries/Components/DatePicker/DatePickerIOS from /Users/roops/AutomationTestining/AutomationTesting/repos/bd34a47c-c099-4d36-ac61-810edfff31ca/node_modules/react-native/index.js: 

None of these files exist:
  * node_modules/react-native/Libraries/Components/DatePicker/DatePickerIOS(.native|.native.js|.js|.native.json|.json|.native.ts|.ts|.native.tsx|.tsx)
  * node_modules/react-native/Libraries/Components/DatePicker/DatePickerIOS/index(.native|.native.js|.js|.native.json|.json|.native.ts|.ts|.native.tsx|.tsx)
[0m [90m 15 |[39m [36mimport[39m [36mtypeof[39m [33mActivityIndicator[39m [36mfrom[39m [32m'./Libraries/Components/ActivityIndicator/ActivityIndicator'[39m[33m;[39m
 [90m 16 |[39m [36mimport[39m [36mtypeof[39m [33mButton[39m [36mfrom[39m [32m'./Libraries/Components/Button'[39m[33m;[39m
[31m[1m>[22m[39m[90m 17 |[39m [36mimport[39m [36mtypeof[39m [33mDatePickerIOS[39m [36mfrom[39m [32m'./Libraries/Components/DatePicker/DatePickerIOS'[39m[33m;[39m
 [90m    |[39m                                   [31m[1m^[22m[39m
 [90m 18 |[39m [36mimport[39m [36mtypeof[39m [33mDrawerLayoutAndroid[39m [36mfrom[39m [32m'./Libraries/Components/DrawerAndroid/DrawerLayoutAndroid'[39m[33m;[39m
 [90m 19 |[39m [36mimport[39m [36mtypeof[39m [33mFlatList[39m [36mfrom[39m [32m'./Libraries/Lists/FlatList'[39m[33m;[39m
 [90m 20 |[39m [36mimport[39m [36mtypeof[39m [33mImage[39m [36mfrom[39m [32m'./Libraries/Image/Image'[39m[33m;[39m[0m
    at ModuleResolver.resolveDependency (/Users/roops/AutomationTestining/AutomationTesting/repos/bd34a47c-c099-4d36-ac61-810edfff31ca/node_modules/metro/src/node-haste/DependencyGraph/ModuleResolution.js:136:15)
    at DependencyGraph.resolveDependency (/Users/roops/AutomationTestining/AutomationTesting/repos/bd34a47c-c099-4d36-ac61-810edfff31ca/node_modules/metro/src/node-haste/DependencyGraph.js:231:43)
    at Object.resolve (/Users/roops/AutomationTestining/AutomationTesting/repos/bd34a47c-c099-4d36-ac61-810edfff31ca/node_modules/metro/src/lib/transformHelpers.js:129:24)
    at resolve (/Users/roops/AutomationTestining/AutomationTesting/repos/bd34a47c-c099-4d36-ac61-810edfff31ca/node_modules/metro/src/DeltaBundler/traverseDependencies.js:396:33)
    at /Users/roops/AutomationTestining/AutomationTesting/repos/bd34a47c-c099-4d36-ac61-810edfff31ca/node_modules/metro/src/DeltaBundler/traverseDependencies.js:412:26
    at Array.reduce (<anonymous>)
    at resolveDependencies (/Users/roops/AutomationTestining/AutomationTesting/repos/bd34a47c-c099-4d36-ac61-810edfff31ca/node_modules/metro/src/DeltaBundler/traverseDependencies.js:411:33)
    at processModule (/Users/roops/AutomationTestining/AutomationTesting/repos/bd34a47c-c099-4d36-ac61-810edfff31ca/node_modules/metro/src/DeltaBundler/traverseDependencies.js:140:31)
    at async addDependency (/Users/roops/AutomationTestining/AutomationTesting/repos/bd34a47c-c099-4d36-ac61-810edfff31ca/node_modules/metro/src/DeltaBundler/traverseDependencies.js:230:18)
    at async Promise.all (index 1)
 WARN  Require cycle: node_modules/@react-native-firebase/messaging/lib/index.js -> node_modules/@react-native-firebase/messaging/lib/modular/index.js -> node_modules/@react-native-firebase/messaging/lib/index.js

Require cycles are allowed, but can result in uninitialized values. Consider refactoring to remove the need for a cycle.
 WARN  ViewPropTypes will be removed from React Native. Migrate to ViewPropTypes exported from 'deprecated-react-native-prop-types'.
 WARN  ViewPropTypes will be removed from React Native. Migrate to ViewPropTypes exported from 'deprecated-react-native-prop-types'.
 WARN  ViewPropTypes will be removed from React Native. Migrate to ViewPropTypes exported from 'deprecated-react-native-prop-types'.
 WARN  ViewPropTypes will be removed from React Native. Migrate to ViewPropTypes exported from 'deprecated-react-native-prop-types'.
 WARN  ViewPropTypes will be removed from React Native. Migrate to ViewPropTypes exported from 'deprecated-react-native-prop-types'.
 WARN  ViewPropTypes will be removed from React Native. Migrate to ViewPropTypes exported from 'deprecated-react-native-prop-types'.
 WARN  ViewPropTypes will be removed from React Native. Migrate to ViewPropTypes exported from 'deprecated-react-native-prop-types'.
 WARN  ViewPropTypes will be removed from React Native. Migrate to ViewPropTypes exported from 'deprecated-react-native-prop-types'.
 WARN  ViewPropTypes will be removed from React Native. Migrate to ViewPropTypes exported from 'deprecated-react-native-prop-types'.
 WARN  ViewPropTypes will be removed from React Native. Migrate to ViewPropTypes exported from 'deprecated-react-native-prop-types'.
 WARN  Require cycle: App/Components/NewModal/index.js -> App/Screens/Cart/ColapsibleCard.js -> App/Screens/Cart/Quantity.js -> App/Components/BottomSheet/BottomUpdate.js -> App/Components/Modal/index.js -> App/Components/NewModal/index.js

Require cycles are allowed, but can result in uninitialized values. Consider refactoring to remove the need for a cycle.
 WARN  ViewPropTypes will be removed from React Native. Migrate to ViewPropTypes exported from 'deprecated-react-native-prop-types'.
 WARN  ViewPropTypes will be removed from React Native. Migrate to ViewPropTypes exported from 'deprecated-react-native-prop-types'.
 WARN  ViewPropTypes will be removed from React Native. Migrate to ViewPropTypes exported from 'deprecated-react-native-prop-types'.
 LOG  Running "vyaconsumer" with {"rootTag":1,"initialProps":{}}
 ERROR  Warning: Each child in a list should have a unique "key" prop.

Check the render method of `VirtualizedList`. See https://reactjs.org/link/warning-keys for more information.
CellRenderer@http://localhost:8081/index.bundle:61386:36
    in VirtualizedList (at FlatList.js:644)
    in FlatList (at dist/index.js:153)
    in RCTView (at View.js:32)
    in View (at dist/index.js:152)
    in AppIntroSlider (at RootContainer.js:140)
    in RCTView (at View.js:32)
    in View (at RootContainer.js:127)
    in RootContainer (created by Connect(RootContainer))
    in Connect(RootContainer) (at App.js:76)
    in ThemeProvider (at PaperProvider.tsx:112)
    in RCTView (at View.js:32)
    in View (at PortalHost.tsx:126)
    in Portal.Host (at PaperProvider.tsx:104)
    in RCTView (at View.js:32)
    in View (at SafeAreaProviderCompat.tsx:46)
    in SafeAreaProviderCompat (at PaperProvider.tsx:103)
    in PaperProvider (at App.js:75)
    in StripeProvider (at App.js:74)
    in Provider (at App.js:73)
    in RNCSafeAreaProvider (at SafeAreaContext.tsx:76)
    in SafeAreaProvider (at App.js:72)
    in App (at renderApplication.js:50)
    in RCTView (at View.js:32)
    in View (at AppContainer.js:92)
    in RCTView (at View.js:32)
    in View (at AppContainer.js:119)
    in AppContainer (at renderApplication.js:43)
    in vyaconsumer(RootComponent) (at renderApplication.js:60)
 LOG  Authorization status: 1
 WARN  Found screens with the same name nested inside one another. Check:

Main > Home, Main > Home > Home

This can cause confusing behavior during navigation. Consider using unique names for each screen instead. 
BaseNavigationContainer@http://localhost:8081/index.bundle:135139:28
ThemeProvider@http://localhost:8081/index.bundle:140596:21
NavigationContainerInner@http://localhost:8081/index.bundle:140474:26
Navigation
RCTView
View
RootContainer@http://localhost:8081/index.bundle:134351:68
Connect(RootContainer)@http://localhost:8081/index.bundle:95622:43
ThemeProvider@http://localhost:8081/index.bundle:98001:38
RCTView
View
Portal.Host@http://localhost:8081/index.bundle:108268:36
RCTView
View
SafeAreaProviderCompat@http://localhost:8081/index.bundle:100504:24
PaperProvider@http://localhost:8081/index.bundle:100377:37
StripeProvider@http://localhost:8081/index.bundle:132957:24
Provider@http://localhost:8081/index.bundle:95225:21
RNCSafeAreaProvider
SafeAreaProvider@http://localhost:8081/index.bundle:100618:24
App@http://localhost:8081/index.bundle:93234:36
RCTView
View
RCTView
View
AppContainer@http://localhost:8081/index.bundle:65345:36
vyaconsumer(RootComponent)@http://localhost:8081/index.bundle:71292:28
 ERROR  no valid “aps-environment” entitlement string found for application {"code": 3000, "details": {"NSLocalizedDescription": "no valid “aps-environment” entitlement string found for application"}, "message": "no valid “aps-environment” entitlement string found for application"}
 LOG  ✅ Socket connected: PuRw9VXGYGlen9XqAAAk
Error: Unable to resolve module ./Libraries/Components/DatePicker/DatePickerIOS from /Users/roops/AutomationTestining/AutomationTesting/repos/bd34a47c-c099-4d36-ac61-810edfff31ca/node_modules/react-native/index.js: 

None of these files exist:
  * node_modules/react-native/Libraries/Components/DatePicker/DatePickerIOS(.native|.native.js|.js|.native.json|.json|.native.ts|.ts|.native.tsx|.tsx)
  * node_modules/react-native/Libraries/Components/DatePicker/DatePickerIOS/index(.native|.native.js|.js|.native.json|.json|.native.ts|.ts|.native.tsx|.tsx)
[0m [90m 15 |[39m [36mimport[39m [36mtypeof[39m [33mActivityIndicator[39m [36mfrom[39m [32m'./Libraries/Components/ActivityIndicator/ActivityIndicator'[39m[33m;[39m
 [90m 16 |[39m [36mimport[39m [36mtypeof[39m [33mButton[39m [36mfrom[39m [32m'./Libraries/Components/Button'[39m[33m;[39m
[31m[1m>[22m[39m[90m 17 |[39m [36mimport[39m [36mtypeof[39m [33mDatePickerIOS[39m [36mfrom[39m [32m'./Libraries/Components/DatePicker/DatePickerIOS'[39m[33m;[39m
 [90m    |[39m                                   [31m[1m^[22m[39m
 [90m 18 |[39m [36mimport[39m [36mtypeof[39m [33mDrawerLayoutAndroid[39m [36mfrom[39m [32m'./Libraries/Components/DrawerAndroid/DrawerLayoutAndroid'[39m[33m;[39m
 [90m 19 |[39m [36mimport[39m [36mtypeof[39m [33mFlatList[39m [36mfrom[39m [32m'./Libraries/Lists/FlatList'[39m[33m;[39m
 [90m 20 |[39m [36mimport[39m [36mtypeof[39m [33mImage[39m [36mfrom[39m [32m'./Libraries/Image/Image'[39m[33m;[39m[0m
    at ModuleResolver.resolveDependency (/Users/roops/AutomationTestining/AutomationTesting/repos/bd34a47c-c099-4d36-ac61-810edfff31ca/node_modules/metro/src/node-haste/DependencyGraph/ModuleResolution.js:136:15)
    at DependencyGraph.resolveDependency (/Users/roops/AutomationTestining/AutomationTesting/repos/bd34a47c-c099-4d36-ac61-810edfff31ca/node_modules/metro/src/node-haste/DependencyGraph.js:231:43)
    at Object.resolve (/Users/roops/AutomationTestining/AutomationTesting/repos/bd34a47c-c099-4d36-ac61-810edfff31ca/node_modules/metro/src/lib/transformHelpers.js:129:24)
    at resolve (/Users/roops/AutomationTestining/AutomationTesting/repos/bd34a47c-c099-4d36-ac61-810edfff31ca/node_modules/metro/src/DeltaBundler/traverseDependencies.js:396:33)
    at /Users/roops/AutomationTestining/AutomationTesting/repos/bd34a47c-c099-4d36-ac61-810edfff31ca/node_modules/metro/src/DeltaBundler/traverseDependencies.js:412:26
    at Array.reduce (<anonymous>)
    at resolveDependencies (/Users/roops/AutomationTestining/AutomationTesting/repos/bd34a47c-c099-4d36-ac61-810edfff31ca/node_modules/metro/src/DeltaBundler/traverseDependencies.js:411:33)
    at processModule (/Users/roops/AutomationTestining/AutomationTesting/repos/bd34a47c-c099-4d36-ac61-810edfff31ca/node_modules/metro/src/DeltaBundler/traverseDependencies.js:140:31)
    at async addDependency (/Users/roops/AutomationTestining/AutomationTesting/repos/bd34a47c-c099-4d36-ac61-810edfff31ca/node_modules/metro/src/DeltaBundler/traverseDependencies.js:230:18)
    at async Promise.all (index 1)
Error: Unable to resolve module ./Libraries/Components/DatePicker/DatePickerIOS from /Users/roops/AutomationTestining/AutomationTesting/repos/bd34a47c-c099-4d36-ac61-810edfff31ca/node_modules/react-native/index.js: 

None of these files exist:
  * node_modules/react-native/Libraries/Components/DatePicker/DatePickerIOS(.native|.native.js|.js|.native.json|.json|.native.ts|.ts|.native.tsx|.tsx)
  * node_modules/react-native/Libraries/Components/DatePicker/DatePickerIOS/index(.native|.native.js|.js|.native.json|.json|.native.ts|.ts|.native.tsx|.tsx)
[0m [90m 15 |[39m [36mimport[39m [36mtypeof[39m [33mActivityIndicator[39m [36mfrom[39m [32m'./Libraries/Components/ActivityIndicator/ActivityIndicator'[39m[33m;[39m
 [90m 16 |[39m [36mimport[39m [36mtypeof[39m [33mButton[39m [36mfrom[39m [32m'./Libraries/Components/Button'[39m[33m;[39m
[31m[1m>[22m[39m[90m 17 |[39m [36mimport[39m [36mtypeof[39m [33mDatePickerIOS[39m [36mfrom[39m [32m'./Libraries/Components/DatePicker/DatePickerIOS'[39m[33m;[39m
 [90m    |[39m                                   [31m[1m^[22m[39m
 [90m 18 |[39m [36mimport[39m [36mtypeof[39m [33mDrawerLayoutAndroid[39m [36mfrom[39m [32m'./Libraries/Components/DrawerAndroid/DrawerLayoutAndroid'[39m[33m;[39m
 [90m 19 |[39m [36mimport[39m [36mtypeof[39m [33mFlatList[39m [36mfrom[39m [32m'./Libraries/Lists/FlatList'[39m[33m;[39m
 [90m 20 |[39m [36mimport[39m [36mtypeof[39m [33mImage[39m [36mfrom[39m [32m'./Libraries/Image/Image'[39m[33m;[39m[0m
    at ModuleResolver.resolveDependency (/Users/roops/AutomationTestining/AutomationTesting/repos/bd34a47c-c099-4d36-ac61-810edfff31ca/node_modules/metro/src/node-haste/DependencyGraph/ModuleResolution.js:136:15)
    at DependencyGraph.resolveDependency (/Users/roops/AutomationTestining/AutomationTesting/repos/bd34a47c-c099-4d36-ac61-810edfff31ca/node_modules/metro/src/node-haste/DependencyGraph.js:231:43)
    at Object.resolve (/Users/roops/AutomationTestining/AutomationTesting/repos/bd34a47c-c099-4d36-ac61-810edfff31ca/node_modules/metro/src/lib/transformHelpers.js:129:24)
    at resolve (/Users/roops/AutomationTestining/AutomationTesting/repos/bd34a47c-c099-4d36-ac61-810edfff31ca/node_modules/metro/src/DeltaBundler/traverseDependencies.js:396:33)
    at /Users/roops/AutomationTestining/AutomationTesting/repos/bd34a47c-c099-4d36-ac61-810edfff31ca/node_modules/metro/src/DeltaBundler/traverseDependencies.js:412:26
    at Array.reduce (<anonymous>)
    at resolveDependencies (/Users/roops/AutomationTestining/AutomationTesting/repos/bd34a47c-c099-4d36-ac61-810edfff31ca/node_modules/metro/src/DeltaBundler/traverseDependencies.js:411:33)
    at processModule (/Users/roops/AutomationTestining/AutomationTesting/repos/bd34a47c-c099-4d36-ac61-810edfff31ca/node_modules/metro/src/DeltaBundler/traverseDependencies.js:140:31)
    at async addDependency (/Users/roops/AutomationTestining/AutomationTesting/repos/bd34a47c-c099-4d36-ac61-810edfff31ca/node_modules/metro/src/DeltaBundler/traverseDependencies.js:230:18)
    at async Promise.all (index 1)
Error: Unable to resolve module ./Libraries/Components/DatePicker/DatePickerIOS from /Users/roops/AutomationTestining/AutomationTesting/repos/bd34a47c-c099-4d36-ac61-810edfff31ca/node_modules/react-native/index.js: 

None of these files exist:
  * node_modules/react-native/Libraries/Components/DatePicker/DatePickerIOS(.native|.native.js|.js|.native.json|.json|.native.ts|.ts|.native.tsx|.tsx)
  * node_modules/react-native/Libraries/Components/DatePicker/DatePickerIOS/index(.native|.native.js|.js|.native.json|.json|.native.ts|.ts|.native.tsx|.tsx)
[0m [90m 15 |[39m [36mimport[39m [36mtypeof[39m [33mActivityIndicator[39m [36mfrom[39m [32m'./Libraries/Components/ActivityIndicator/ActivityIndicator'[39m[33m;[39m
 [90m 16 |[39m [36mimport[39m [36mtypeof[39m [33mButton[39m [36mfrom[39m [32m'./Libraries/Components/Button'[39m[33m;[39m
[31m[1m>[22m[39m[90m 17 |[39m [36mimport[39m [36mtypeof[39m [33mDatePickerIOS[39m [36mfrom[39m [32m'./Libraries/Components/DatePicker/DatePickerIOS'[39m[33m;[39m
 [90m    |[39m                                   [31m[1m^[22m[39m
 [90m 18 |[39m [36mimport[39m [36mtypeof[39m [33mDrawerLayoutAndroid[39m [36mfrom[39m [32m'./Libraries/Components/DrawerAndroid/DrawerLayoutAndroid'[39m[33m;[39m
 [90m 19 |[39m [36mimport[39m [36mtypeof[39m [33mFlatList[39m [36mfrom[39m [32m'./Libraries/Lists/FlatList'[39m[33m;[39m
 [90m 20 |[39m [36mimport[39m [36mtypeof[39m [33mImage[39m [36mfrom[39m [32m'./Libraries/Image/Image'[39m[33m;[39m[0m
    at ModuleResolver.resolveDependency (/Users/roops/AutomationTestining/AutomationTesting/repos/bd34a47c-c099-4d36-ac61-810edfff31ca/node_modules/metro/src/node-haste/DependencyGraph/ModuleResolution.js:136:15)
    at DependencyGraph.resolveDependency (/Users/roops/AutomationTestining/AutomationTesting/repos/bd34a47c-c099-4d36-ac61-810edfff31ca/node_modules/metro/src/node-haste/DependencyGraph.js:231:43)
    at Object.resolve (/Users/roops/AutomationTestining/AutomationTesting/repos/bd34a47c-c099-4d36-ac61-810edfff31ca/node_modules/metro/src/lib/transformHelpers.js:129:24)
    at resolve (/Users/roops/AutomationTestining/AutomationTesting/repos/bd34a47c-c099-4d36-ac61-810edfff31ca/node_modules/metro/src/DeltaBundler/traverseDependencies.js:396:33)
    at /Users/roops/AutomationTestining/AutomationTesting/repos/bd34a47c-c099-4d36-ac61-810edfff31ca/node_modules/metro/src/DeltaBundler/traverseDependencies.js:412:26
    at Array.reduce (<anonymous>)
    at resolveDependencies (/Users/roops/AutomationTestining/AutomationTesting/repos/bd34a47c-c099-4d36-ac61-810edfff31ca/node_modules/metro/src/DeltaBundler/traverseDependencies.js:411:33)
    at processModule (/Users/roops/AutomationTestining/AutomationTesting/repos/bd34a47c-c099-4d36-ac61-810edfff31ca/node_modules/metro/src/DeltaBundler/traverseDependencies.js:140:31)
    at async addDependency (/Users/roops/AutomationTestining/AutomationTesting/repos/bd34a47c-c099-4d36-ac61-810edfff31ca/node_modules/metro/src/DeltaBundler/traverseDependencies.js:230:18)
    at async Promise.all (index 1)
 LOG  📍 Auth locationCords: {"latitude": 12.9629, "longitude": 77.5775}
 WARN  Possible Unhandled Promise Rejection (id: 0):
Error: [messaging/unregistered] You must be registered for remote messages before calling getToken, see messaging().registerDeviceForRemoteMessages().
NativeFirebaseError: [messaging/unregistered] You must be registered for remote messages before calling getToken, see messaging().registerDeviceForRemoteMessages().
_callee2$@http://localhost:8081/index.bundle:93274:83
tryCatch@http://localhost:8081/index.bundle:19834:22
@http://localhost:8081/index.bundle:19922:27
tryCatch@http://localhost:8081/index.bundle:19834:22
invoke@http://localhost:8081/index.bundle:19869:25
@http://localhost:8081/index.bundle:19874:19
tryCallOne@http://localhost:8081/index.bundle:23781:16
@http://localhost:8081/index.bundle:23862:27
@http://localhost:8081/index.bundle:24780:26
_callTimer@http://localhost:8081/index.bundle:24699:17
_callReactNativeMicrotasksPass@http://localhost:8081/index.bundle:24729:17
Error: Unable to resolve module ./Libraries/Components/DatePicker/DatePickerIOS from /Users/roops/AutomationTestining/AutomationTesting/repos/bd34a47c-c099-4d36-ac61-810edfff31ca/node_modules/react-native/index.js: 

None of these files exist:
  * node_modules/react-native/Libraries/Components/DatePicker/DatePickerIOS(.native|.native.js|.js|.native.json|.json|.native.ts|.ts|.native.tsx|.tsx)
  * node_modules/react-native/Libraries/Components/DatePicker/DatePickerIOS/index(.native|.native.js|.js|.native.json|.json|.native.ts|.ts|.native.tsx|.tsx)
[0m [90m 15 |[39m [36mimport[39m [36mtypeof[39m [33mActivityIndicator[39m [36mfrom[39m [32m'./Libraries/Components/ActivityIndicator/ActivityIndicator'[39m[33m;[39m
 [90m 16 |[39m [36mimport[39m [36mtypeof[39m [33mButton[39m [36mfrom[39m [32m'./Libraries/Components/Button'[39m[33m;[39m
[31m[1m>[22m[39m[90m 17 |[39m [36mimport[39m [36mtypeof[39m [33mDatePickerIOS[39m [36mfrom[39m [32m'./Libraries/Components/DatePicker/DatePickerIOS'[39m[33m;[39m
 [90m    |[39m                                   [31m[1m^[22m[39m
 [90m 18 |[39m [36mimport[39m [36mtypeof[39m [33mDrawerLayoutAndroid[39m [36mfrom[39m [32m'./Libraries/Components/DrawerAndroid/DrawerLayoutAndroid'[39m[33m;[39m
 [90m 19 |[39m [36mimport[39m [36mtypeof[39m [33mFlatList[39m [36mfrom[39m [32m'./Libraries/Lists/FlatList'[39m[33m;[39m
 [90m 20 |[39m [36mimport[39m [36mtypeof[39m [33mImage[39m [36mfrom[39m [32m'./Libraries/Image/Image'[39m[33m;[39m[0m
    at ModuleResolver.resolveDependency (/Users/roops/AutomationTestining/AutomationTesting/repos/bd34a47c-c099-4d36-ac61-810edfff31ca/node_modules/metro/src/node-haste/DependencyGraph/ModuleResolution.js:136:15)
    at DependencyGraph.resolveDependency (/Users/roops/AutomationTestining/AutomationTesting/repos/bd34a47c-c099-4d36-ac61-810edfff31ca/node_modules/metro/src/node-haste/DependencyGraph.js:231:43)
    at Object.resolve (/Users/roops/AutomationTestining/AutomationTesting/repos/bd34a47c-c099-4d36-ac61-810edfff31ca/node_modules/metro/src/lib/transformHelpers.js:129:24)
    at resolve (/Users/roops/AutomationTestining/AutomationTesting/repos/bd34a47c-c099-4d36-ac61-810edfff31ca/node_modules/metro/src/DeltaBundler/traverseDependencies.js:396:33)
    at /Users/roops/AutomationTestining/AutomationTesting/repos/bd34a47c-c099-4d36-ac61-810edfff31ca/node_modules/metro/src/DeltaBundler/traverseDependencies.js:412:26
    at Array.reduce (<anonymous>)
    at resolveDependencies (/Users/roops/AutomationTestining/AutomationTesting/repos/bd34a47c-c099-4d36-ac61-810edfff31ca/node_modules/metro/src/DeltaBundler/traverseDependencies.js:411:33)
    at processModule (/Users/roops/AutomationTestining/AutomationTesting/repos/bd34a47c-c099-4d36-ac61-810edfff31ca/node_modules/metro/src/DeltaBundler/traverseDependencies.js:140:31)
    at async addDependency (/Users/roops/AutomationTestining/AutomationTesting/repos/bd34a47c-c099-4d36-ac61-810edfff31ca/node_modules/metro/src/DeltaBundler/traverseDependencies.js:230:18)
    at async Promise.all (index 1)
 ERROR  Warning: Each child in a list should have a unique "key" prop.

Check the render method of `HomeContainer`. See https://reactjs.org/link/warning-keys for more information.
    in HomeContainer (at Home/index.js:1253)
    in RCTView (at View.js:32)
    in View (at VirtualizedList.js:2063)
    in VirtualizedListCellContextProvider (at VirtualizedList.js:2078)
    in CellRenderer (at VirtualizedList.js:816)
    in RCTScrollContentView (at ScrollView.js:1682)
    in RCTScrollView (at ScrollView.js:1775)
    in ScrollView (at ScrollView.js:1826)
    in ScrollView (at VirtualizedList.js:1267)
    in VirtualizedListContextProvider (at VirtualizedList.js:1099)
    in VirtualizedList (at FlatList.js:644)
    in FlatList (at AnimatedFlatList.js:22)
    in Unknown (at createAnimatedComponent.js:211)
    in AnimatedComponent (at createAnimatedComponent.js:264)
    in AnimatedComponentWrapper (at Home/index.js:1627)
    in RCTView (at View.js:32)
    in View (at Home/index.js:1610)
    in RCTView (at View.js:32)
    in View (at Home/index.js:1533)
    in RCTSafeAreaView (at SafeAreaView.js:51)
    in SafeAreaView (at Home/index.js:1532)
    in Home (created by Connect(Home))
    in Connect(Home) (at SceneView.tsx:132)
    in StaticContainer
    in EnsureSingleNavigator (at SceneView.tsx:124)
    in SceneView (at useDescriptors.tsx:218)
    in RCTView (at View.js:32)
    in View (at Screen.tsx:63)
    in RCTView (at View.js:32)
    in View (at Background.tsx:13)
    in Background (at Screen.tsx:58)
    in Screen (at BottomTabView.tsx:135)
    in RCTView (at View.js:32)
    in View (at ResourceSavingView.tsx:42)
    in RCTView (at View.js:32)
    in View (at ResourceSavingView.tsx:37)
    in ResourceSavingScene (at ScreenFallback.tsx:46)
    in MaybeScreen (at BottomTabView.tsx:127)
    in RCTView (at View.js:32)
    in View (at ScreenFallback.tsx:33)
    in MaybeScreenContainer (at BottomTabView.tsx:93)
    in RCTView (at View.js:32)
    in View (at SafeAreaProviderCompat.tsx:43)
    in SafeAreaProviderCompat (at BottomTabView.tsx:92)
    in BottomTabView (at createBottomTabNavigator.tsx:118)
    in PreventRemoveProvider (at useNavigationBuilder.tsx:718)
    in NavigationContent (at useComponent.tsx:35)
    in Unknown (at createBottomTabNavigator.tsx:117)
    in BottomTabNavigator (at BottomNavigator.js:211)
    in BottomNavigator (created by Connect(BottomNavigator))
    in Connect(BottomNavigator) (at SceneView.tsx:132)
    in StaticContainer
    in EnsureSingleNavigator (at SceneView.tsx:124)
    in SceneView (at useDescriptors.tsx:218)
    in RCTView (at View.js:32)
    in View (at CardContainer.tsx:281)
    in RCTView (at View.js:32)
    in View (at CardContainer.tsx:279)
    in RCTView (at View.js:32)
    in View (at CardSheet.tsx:45)
    in CardSheet (at Card.tsx:563)
    in RCTView (at View.js:32)
    in View (at createAnimatedComponent.js:211)
    in AnimatedComponent (at createAnimatedComponent.js:264)
    in AnimatedComponentWrapper (at Card.tsx:542)
    in PanGestureHandler (at GestureHandlerNative.tsx:14)
    in PanGestureHandler (at Card.tsx:536)
    in RCTView (at View.js:32)
    in View (at createAnimatedComponent.js:211)
    in AnimatedComponent (at createAnimatedComponent.js:264)
    in AnimatedComponentWrapper (at Card.tsx:532)
    in RCTView (at View.js:32)
    in View (at Card.tsx:520)
    in Card (at CardContainer.tsx:219)
    in CardContainer (at CardStack.tsx:673)
    in RCTView (at View.js:32)
    in View (at createAnimatedComponent.js:211)
    in AnimatedComponent (at createAnimatedComponent.js:264)
    in AnimatedComponentWrapper (at src/index.native.tsx:114)
    in Screen (at Screens.tsx:38)
    in MaybeScreen (at CardStack.tsx:665)
    in RCTView (at View.js:32)
    in View (at src/index.native.tsx:145)
    in ScreenContainer (at Screens.tsx:20)
    in MaybeScreenContainer (at CardStack.tsx:572)
    in RCTView (at View.js:32)
    in View (at Background.tsx:13)
    in Background (at CardStack.tsx:570)
    in CardStack (at StackView.tsx:437)
    in RCTView (at View.js:32)
    in View (at SafeAreaProviderCompat.tsx:43)
    in SafeAreaProviderCompat (at StackView.tsx:430)
    in RCTView (at View.js:32)
    in View (at GestureHandlerRootView.tsx:17)
    in GestureHandlerRootView (at StackView.tsx:429)
    in StackView (at createStackNavigator.tsx:121)
    in PreventRemoveProvider (at useNavigationBuilder.tsx:718)
    in NavigationContent (at useComponent.tsx:35)
    in Unknown (at createStackNavigator.tsx:120)
    in StackNavigator (at StackNavigator.js:162)
    in RCTView (at View.js:32)
    in View (at createAnimatedComponent.tsx:688)
    in AnimatedComponent(View) (at createAnimatedComponent.tsx:699)
    in Unknown (at StackNavigator.js:160)
    in StackNavigator (created by Connect(StackNavigator))
    in Connect(StackNavigator) (at Navigation.js:51)
    in StaticContainer
    in EnsureSingleNavigator (at SceneView.tsx:124)
    in SceneView (at useDescriptors.tsx:218)
    in RCTView (at View.js:32)
    in View (at Screen.tsx:63)
    in RCTView (at View.js:32)
    in View (at Background.tsx:13)
    in Background (at Screen.tsx:58)
    in Screen (at DrawerView.tsx:234)
    in RCTView (at View.js:32)
    in View (at ResourceSavingView.tsx:42)
    in RCTView (at View.js:32)
    in View (at ResourceSavingView.tsx:37)
    in ResourceSavingScene (at ScreenFallback.tsx:46)
    in MaybeScreen (at DrawerView.tsx:227)
    in RCTView (at View.js:32)
    in View (at ScreenFallback.tsx:33)
    in MaybeScreenContainer (at DrawerView.tsx:188)
    in RCTView (at View.js:32)
    in View (at Drawer.tsx:366)
    in RCTView (at View.js:32)
    in View (at createAnimatedComponent.tsx:688)
    in AnimatedComponent(View) (at createAnimatedComponent.tsx:699)
    in Unknown (at Drawer.tsx:365)
    in RCTView (at View.js:32)
    in View (at createAnimatedComponent.tsx:688)
    in AnimatedComponent(View) (at createAnimatedComponent.tsx:699)
    in Unknown (at Drawer.tsx:356)
    in PanGestureHandler (at GestureHandlerNative.tsx:14)
    in PanGestureHandler (at Drawer.tsx:347)
    in Drawer (at DrawerView.tsx:261)
    in DrawerViewBase (at DrawerView.tsx:306)
    in RCTView (at View.js:32)
    in View (at GestureHandlerRootView.tsx:17)
    in GestureHandlerRootView (at DrawerView.tsx:305)
    in RCTView (at View.js:32)
    in View (at SafeAreaProviderCompat.tsx:43)
    in SafeAreaProviderCompat (at DrawerView.tsx:304)
    in DrawerView (at createDrawerNavigator.tsx:128)
    in PreventRemoveProvider (at useNavigationBuilder.tsx:718)
    in NavigationContent (at useComponent.tsx:35)
    in Unknown (at createDrawerNavigator.tsx:127)
    in DrawerNavigator (at Navigation.js:31)
    in EnsureSingleNavigator (at BaseNavigationContainer.tsx:433)
    in BaseNavigationContainer (at NavigationContainer.tsx:132)
    in ThemeProvider (at NavigationContainer.tsx:131)
    in NavigationContainerInner (at Navigation.js:30)
    in Navigation (at RootContainer.js:138)
    in RCTView (at View.js:32)
    in View (at RootContainer.js:127)
    in RootContainer (created by Connect(RootContainer))
    in Connect(RootContainer) (at App.js:76)
    in ThemeProvider (at PaperProvider.tsx:112)
    in RCTView (at View.js:32)
    in View (at PortalHost.tsx:126)
    in Portal.Host (at PaperProvider.tsx:104)
    in RCTView (at View.js:32)
    in View (at SafeAreaProviderCompat.tsx:46)
    in SafeAreaProviderCompat (at PaperProvider.tsx:103)
    in PaperProvider (at App.js:75)
    in StripeProvider (at App.js:74)
    in Provider (at App.js:73)
    in RNCSafeAreaProvider (at SafeAreaContext.tsx:76)
    in SafeAreaProvider (at App.js:72)
    in App (at renderApplication.js:50)
    in RCTView (at View.js:32)
    in View (at AppContainer.js:92)
    in RCTView (at View.js:32)
    in View (at AppContainer.js:119)
    in AppContainer (at renderApplication.js:43)
    in vyaconsumer(RootComponent) (at renderApplication.js:60)
Error: Unable to resolve module ./Libraries/Components/DatePicker/DatePickerIOS from /Users/roops/AutomationTestining/AutomationTesting/repos/bd34a47c-c099-4d36-ac61-810edfff31ca/node_modules/react-native/index.js: 

None of these files exist:
  * node_modules/react-native/Libraries/Components/DatePicker/DatePickerIOS(.native|.native.js|.js|.native.json|.json|.native.ts|.ts|.native.tsx|.tsx)
  * node_modules/react-native/Libraries/Components/DatePicker/DatePickerIOS/index(.native|.native.js|.js|.native.json|.json|.native.ts|.ts|.native.tsx|.tsx)
[0m [90m 15 |[39m [36mimport[39m [36mtypeof[39m [33mActivityIndicator[39m [36mfrom[39m [32m'./Libraries/Components/ActivityIndicator/ActivityIndicator'[39m[33m;[39m
 [90m 16 |[39m [36mimport[39m [36mtypeof[39m [33mButton[39m [36mfrom[39m [32m'./Libraries/Components/Button'[39m[33m;[39m
[31m[1m>[22m[39m[90m 17 |[39m [36mimport[39m [36mtypeof[39m [33mDatePickerIOS[39m [36mfrom[39m [32m'./Libraries/Components/DatePicker/DatePickerIOS'[39m[33m;[39m
 [90m    |[39m                                   [31m[1m^[22m[39m
 [90m 18 |[39m [36mimport[39m [36mtypeof[39m [33mDrawerLayoutAndroid[39m [36mfrom[39m [32m'./Libraries/Components/DrawerAndroid/DrawerLayoutAndroid'[39m[33m;[39m
 [90m 19 |[39m [36mimport[39m [36mtypeof[39m [33mFlatList[39m [36mfrom[39m [32m'./Libraries/Lists/FlatList'[39m[33m;[39m
 [90m 20 |[39m [36mimport[39m [36mtypeof[39m [33mImage[39m [36mfrom[39m [32m'./Libraries/Image/Image'[39m[33m;[39m[0m
    at ModuleResolver.resolveDependency (/Users/roops/AutomationTestining/AutomationTesting/repos/bd34a47c-c099-4d36-ac61-810edfff31ca/node_modules/metro/src/node-haste/DependencyGraph/ModuleResolution.js:136:15)
    at DependencyGraph.resolveDependency (/Users/roops/AutomationTestining/AutomationTesting/repos/bd34a47c-c099-4d36-ac61-810edfff31ca/node_modules/metro/src/node-haste/DependencyGraph.js:231:43)
    at Object.resolve (/Users/roops/AutomationTestining/AutomationTesting/repos/bd34a47c-c099-4d36-ac61-810edfff31ca/node_modules/metro/src/lib/transformHelpers.js:129:24)
    at resolve (/Users/roops/AutomationTestining/AutomationTesting/repos/bd34a47c-c099-4d36-ac61-810edfff31ca/node_modules/metro/src/DeltaBundler/traverseDependencies.js:396:33)
    at /Users/roops/AutomationTestining/AutomationTesting/repos/bd34a47c-c099-4d36-ac61-810edfff31ca/node_modules/metro/src/DeltaBundler/traverseDependencies.js:412:26
    at Array.reduce (<anonymous>)
    at resolveDependencies (/Users/roops/AutomationTestining/AutomationTesting/repos/bd34a47c-c099-4d36-ac61-810edfff31ca/node_modules/metro/src/DeltaBundler/traverseDependencies.js:411:33)
    at processModule (/Users/roops/AutomationTestining/AutomationTesting/repos/bd34a47c-c099-4d36-ac61-810edfff31ca/node_modules/metro/src/DeltaBundler/traverseDependencies.js:140:31)
    at async addDependency (/Users/roops/AutomationTestining/AutomationTesting/repos/bd34a47c-c099-4d36-ac61-810edfff31ca/node_modules/metro/src/DeltaBundler/traverseDependencies.js:230:18)
    at async Promise.all (index 1)
 ERROR  Warning: Rendering <Context> directly is not supported and will be removed in a future major release. Did you mean to render <Context.Consumer> instead?
    in RCTView (at View.js:32)
    in View (at HeaderScrollImage/index.js:101)
    in Test (at Reservation.js:1946)
    in Reservation (created by Connect(Reservation))
    in Connect(Reservation) (at SceneView.tsx:132)
    in StaticContainer
    in EnsureSingleNavigator (at SceneView.tsx:124)
    in SceneView (at useDescriptors.tsx:218)
    in RCTView (at View.js:32)
    in View (at CardContainer.tsx:281)
    in RCTView (at View.js:32)
    in View (at CardContainer.tsx:279)
    in RCTView (at View.js:32)
    in View (at CardSheet.tsx:45)
    in CardSheet (at Card.tsx:563)
    in RCTView (at View.js:32)
    in View (at createAnimatedComponent.js:211)
    in AnimatedComponent (at createAnimatedComponent.js:264)
    in AnimatedComponentWrapper (at Card.tsx:542)
    in PanGestureHandler (at GestureHandlerNative.tsx:14)
    in PanGestureHandler (at Card.tsx:536)
    in RCTView (at View.js:32)
    in View (at createAnimatedComponent.js:211)
    in AnimatedComponent (at createAnimatedComponent.js:264)
    in AnimatedComponentWrapper (at Card.tsx:532)
    in RCTView (at View.js:32)
    in View (at Card.tsx:520)
    in Card (at CardContainer.tsx:219)
    in CardContainer (at CardStack.tsx:673)
    in RCTView (at View.js:32)
    in View (at createAnimatedComponent.js:211)
    in AnimatedComponent (at createAnimatedComponent.js:264)
    in AnimatedComponentWrapper (at src/index.native.tsx:114)
    in Screen (at Screens.tsx:38)
    in MaybeScreen (at CardStack.tsx:665)
    in RCTView (at View.js:32)
    in View (at src/index.native.tsx:145)
    in ScreenContainer (at Screens.tsx:20)
    in MaybeScreenContainer (at CardStack.tsx:572)
    in RCTView (at View.js:32)
    in View (at Background.tsx:13)
    in Background (at CardStack.tsx:570)
    in CardStack (at StackView.tsx:437)
    in RCTView (at View.js:32)
    in View (at SafeAreaProviderCompat.tsx:43)
    in SafeAreaProviderCompat (at StackView.tsx:430)
    in RCTView (at View.js:32)
    in View (at GestureHandlerRootView.tsx:17)
    in GestureHandlerRootView (at StackView.tsx:429)
    in StackView (at createStackNavigator.tsx:121)
    in PreventRemoveProvider (at useNavigationBuilder.tsx:718)
    in NavigationContent (at useComponent.tsx:35)
    in Unknown (at createStackNavigator.tsx:120)
    in StackNavigator (at StackNavigator.js:162)
    in RCTView (at View.js:32)
    in View (at createAnimatedComponent.tsx:688)
    in AnimatedComponent(View) (at createAnimatedComponent.tsx:699)
    in Unknown (at StackNavigator.js:160)
    in StackNavigator (created by Connect(StackNavigator))
    in Connect(StackNavigator) (at Navigation.js:51)
    in StaticContainer
    in EnsureSingleNavigator (at SceneView.tsx:124)
    in SceneView (at useDescriptors.tsx:218)
    in RCTView (at View.js:32)
    in View (at Screen.tsx:63)
    in RCTView (at View.js:32)
    in View (at Background.tsx:13)
    in Background (at Screen.tsx:58)
    in Screen (at DrawerView.tsx:234)
    in RCTView (at View.js:32)
    in View (at ResourceSavingView.tsx:42)
    in RCTView (at View.js:32)
    in View (at ResourceSavingView.tsx:37)
    in ResourceSavingScene (at ScreenFallback.tsx:46)
    in MaybeScreen (at DrawerView.tsx:227)
    in RCTView (at View.js:32)
    in View (at ScreenFallback.tsx:33)
    in MaybeScreenContainer (at DrawerView.tsx:188)
    in RCTView (at View.js:32)
    in View (at Drawer.tsx:366)
    in RCTView (at View.js:32)
    in View (at createAnimatedComponent.tsx:688)
    in AnimatedComponent(View) (at createAnimatedComponent.tsx:699)
    in Unknown (at Drawer.tsx:365)
    in RCTView (at View.js:32)
    in View (at createAnimatedComponent.tsx:688)
    in AnimatedComponent(View) (at createAnimatedComponent.tsx:699)
    in Unknown (at Drawer.tsx:356)
    in PanGestureHandler (at GestureHandlerNative.tsx:14)
    in PanGestureHandler (at Drawer.tsx:347)
    in Drawer (at DrawerView.tsx:261)
    in DrawerViewBase (at DrawerView.tsx:306)
    in RCTView (at View.js:32)
    in View (at GestureHandlerRootView.tsx:17)
    in GestureHandlerRootView (at DrawerView.tsx:305)
    in RCTView (at View.js:32)
    in View (at SafeAreaProviderCompat.tsx:43)
    in SafeAreaProviderCompat (at DrawerView.tsx:304)
    in DrawerView (at createDrawerNavigator.tsx:128)
    in PreventRemoveProvider (at useNavigationBuilder.tsx:718)
    in NavigationContent (at useComponent.tsx:35)
    in Unknown (at createDrawerNavigator.tsx:127)
    in DrawerNavigator (at Navigation.js:31)
    in EnsureSingleNavigator (at BaseNavigationContainer.tsx:433)
    in BaseNavigationContainer (at NavigationContainer.tsx:132)
    in ThemeProvider (at NavigationContainer.tsx:131)
    in NavigationContainerInner (at Navigation.js:30)
    in Navigation (at RootContainer.js:138)
    in RCTView (at View.js:32)
    in View (at RootContainer.js:127)
    in RootContainer (created by Connect(RootContainer))
    in Connect(RootContainer) (at App.js:76)
    in ThemeProvider (at PaperProvider.tsx:112)
    in RCTView (at View.js:32)
    in View (at PortalHost.tsx:126)
    in Portal.Host (at PaperProvider.tsx:104)
    in RCTView (at View.js:32)
    in View (at SafeAreaProviderCompat.tsx:46)
    in SafeAreaProviderCompat (at PaperProvider.tsx:103)
    in PaperProvider (at App.js:75)
    in StripeProvider (at App.js:74)
    in Provider (at App.js:73)
    in RNCSafeAreaProvider (at SafeAreaContext.tsx:76)
    in SafeAreaProvider (at App.js:72)
    in App (at renderApplication.js:50)
    in RCTView (at View.js:32)
    in View (at AppContainer.js:92)
    in RCTView (at View.js:32)
    in View (at AppContainer.js:119)
    in AppContainer (at renderApplication.js:43)
    in vyaconsumer(RootComponent) (at renderApplication.js:60)
 ERROR  Warning: Each child in a list should have a unique "key" prop.

Check the render method of `Reservation`. See https://reactjs.org/link/warning-keys for more information.
    in Reservation (created by Connect(Reservation))
    in Connect(Reservation) (at SceneView.tsx:132)
    in StaticContainer
    in EnsureSingleNavigator (at SceneView.tsx:124)
    in SceneView (at useDescriptors.tsx:218)
    in RCTView (at View.js:32)
    in View (at CardContainer.tsx:281)
    in RCTView (at View.js:32)
    in View (at CardContainer.tsx:279)
    in RCTView (at View.js:32)
    in View (at CardSheet.tsx:45)
    in CardSheet (at Card.tsx:563)
    in RCTView (at View.js:32)
    in View (at createAnimatedComponent.js:211)
    in AnimatedComponent (at createAnimatedComponent.js:264)
    in AnimatedComponentWrapper (at Card.tsx:542)
    in PanGestureHandler (at GestureHandlerNative.tsx:14)
    in PanGestureHandler (at Card.tsx:536)
    in RCTView (at View.js:32)
    in View (at createAnimatedComponent.js:211)
    in AnimatedComponent (at createAnimatedComponent.js:264)
    in AnimatedComponentWrapper (at Card.tsx:532)
    in RCTView (at View.js:32)
    in View (at Card.tsx:520)
    in Card (at CardContainer.tsx:219)
    in CardContainer (at CardStack.tsx:673)
    in RCTView (at View.js:32)
    in View (at createAnimatedComponent.js:211)
    in AnimatedComponent (at createAnimatedComponent.js:264)
    in AnimatedComponentWrapper (at src/index.native.tsx:114)
    in Screen (at Screens.tsx:38)
    in MaybeScreen (at CardStack.tsx:665)
    in RCTView (at View.js:32)
    in View (at src/index.native.tsx:145)
    in ScreenContainer (at Screens.tsx:20)
    in MaybeScreenContainer (at CardStack.tsx:572)
    in RCTView (at View.js:32)
    in View (at Background.tsx:13)
    in Background (at CardStack.tsx:570)
    in CardStack (at StackView.tsx:437)
    in RCTView (at View.js:32)
    in View (at SafeAreaProviderCompat.tsx:43)
    in SafeAreaProviderCompat (at StackView.tsx:430)
    in RCTView (at View.js:32)
    in View (at GestureHandlerRootView.tsx:17)
    in GestureHandlerRootView (at StackView.tsx:429)
    in StackView (at createStackNavigator.tsx:121)
    in PreventRemoveProvider (at useNavigationBuilder.tsx:718)
    in NavigationContent (at useComponent.tsx:35)
    in Unknown (at createStackNavigator.tsx:120)
    in StackNavigator (at StackNavigator.js:162)
    in RCTView (at View.js:32)
    in View (at createAnimatedComponent.tsx:688)
    in AnimatedComponent(View) (at createAnimatedComponent.tsx:699)
    in Unknown (at StackNavigator.js:160)
    in StackNavigator (created by Connect(StackNavigator))
    in Connect(StackNavigator) (at Navigation.js:51)
    in StaticContainer
    in EnsureSingleNavigator (at SceneView.tsx:124)
    in SceneView (at useDescriptors.tsx:218)
    in RCTView (at View.js:32)
    in View (at Screen.tsx:63)
    in RCTView (at View.js:32)
    in View (at Background.tsx:13)
    in Background (at Screen.tsx:58)
    in Screen (at DrawerView.tsx:234)
    in RCTView (at View.js:32)
    in View (at ResourceSavingView.tsx:42)
    in RCTView (at View.js:32)
    in View (at ResourceSavingView.tsx:37)
    in ResourceSavingScene (at ScreenFallback.tsx:46)
    in MaybeScreen (at DrawerView.tsx:227)
    in RCTView (at View.js:32)
    in View (at ScreenFallback.tsx:33)
    in MaybeScreenContainer (at DrawerView.tsx:188)
    in RCTView (at View.js:32)
    in View (at Drawer.tsx:366)
    in RCTView (at View.js:32)
    in View (at createAnimatedComponent.tsx:688)
    in AnimatedComponent(View) (at createAnimatedComponent.tsx:699)
    in Unknown (at Drawer.tsx:365)
    in RCTView (at View.js:32)
    in View (at createAnimatedComponent.tsx:688)
    in AnimatedComponent(View) (at createAnimatedComponent.tsx:699)
    in Unknown (at Drawer.tsx:356)
    in PanGestureHandler (at GestureHandlerNative.tsx:14)
    in PanGestureHandler (at Drawer.tsx:347)
    in Drawer (at DrawerView.tsx:261)
    in DrawerViewBase (at DrawerView.tsx:306)
    in RCTView (at View.js:32)
    in View (at GestureHandlerRootView.tsx:17)
    in GestureHandlerRootView (at DrawerView.tsx:305)
    in RCTView (at View.js:32)
    in View (at SafeAreaProviderCompat.tsx:43)
    in SafeAreaProviderCompat (at DrawerView.tsx:304)
    in DrawerView (at createDrawerNavigator.tsx:128)
    in PreventRemoveProvider (at useNavigationBuilder.tsx:718)
    in NavigationContent (at useComponent.tsx:35)
    in Unknown (at createDrawerNavigator.tsx:127)
    in DrawerNavigator (at Navigation.js:31)
    in EnsureSingleNavigator (at BaseNavigationContainer.tsx:433)
    in BaseNavigationContainer (at NavigationContainer.tsx:132)
    in ThemeProvider (at NavigationContainer.tsx:131)
    in NavigationContainerInner (at Navigation.js:30)
    in Navigation (at RootContainer.js:138)
    in RCTView (at View.js:32)
    in View (at RootContainer.js:127)
    in RootContainer (created by Connect(RootContainer))
    in Connect(RootContainer) (at App.js:76)
    in ThemeProvider (at PaperProvider.tsx:112)
    in RCTView (at View.js:32)
    in View (at PortalHost.tsx:126)
    in Portal.Host (at PaperProvider.tsx:104)
    in RCTView (at View.js:32)
    in View (at SafeAreaProviderCompat.tsx:46)
    in SafeAreaProviderCompat (at PaperProvider.tsx:103)
    in PaperProvider (at App.js:75)
    in StripeProvider (at App.js:74)
    in Provider (at App.js:73)
    in RNCSafeAreaProvider (at SafeAreaContext.tsx:76)
    in SafeAreaProvider (at App.js:72)
    in App (at renderApplication.js:50)
    in RCTView (at View.js:32)
    in View (at AppContainer.js:92)
    in RCTView (at View.js:32)
    in View (at AppContainer.js:119)
    in AppContainer (at renderApplication.js:43)
    in vyaconsumer(RootComponent) (at renderApplication.js:60)
Error: Unable to resolve module ./Libraries/Components/DatePicker/DatePickerIOS from /Users/roops/AutomationTestining/AutomationTesting/repos/bd34a47c-c099-4d36-ac61-810edfff31ca/node_modules/react-native/index.js: 

None of these files exist:
  * node_modules/react-native/Libraries/Components/DatePicker/DatePickerIOS(.native|.native.js|.js|.native.json|.json|.native.ts|.ts|.native.tsx|.tsx)
  * node_modules/react-native/Libraries/Components/DatePicker/DatePickerIOS/index(.native|.native.js|.js|.native.json|.json|.native.ts|.ts|.native.tsx|.tsx)
[0m [90m 15 |[39m [36mimport[39m [36mtypeof[39m [33mActivityIndicator[39m [36mfrom[39m [32m'./Libraries/Components/ActivityIndicator/ActivityIndicator'[39m[33m;[39m
 [90m 16 |[39m [36mimport[39m [36mtypeof[39m [33mButton[39m [36mfrom[39m [32m'./Libraries/Components/Button'[39m[33m;[39m
[31m[1m>[22m[39m[90m 17 |[39m [36mimport[39m [36mtypeof[39m [33mDatePickerIOS[39m [36mfrom[39m [32m'./Libraries/Components/DatePicker/DatePickerIOS'[39m[33m;[39m
 [90m    |[39m                                   [31m[1m^[22m[39m
 [90m 18 |[39m [36mimport[39m [36mtypeof[39m [33mDrawerLayoutAndroid[39m [36mfrom[39m [32m'./Libraries/Components/DrawerAndroid/DrawerLayoutAndroid'[39m[33m;[39m
 [90m 19 |[39m [36mimport[39m [36mtypeof[39m [33mFlatList[39m [36mfrom[39m [32m'./Libraries/Lists/FlatList'[39m[33m;[39m
 [90m 20 |[39m [36mimport[39m [36mtypeof[39m [33mImage[39m [36mfrom[39m [32m'./Libraries/Image/Image'[39m[33m;[39m[0m
    at ModuleResolver.resolveDependency (/Users/roops/AutomationTestining/AutomationTesting/repos/bd34a47c-c099-4d36-ac61-810edfff31ca/node_modules/metro/src/node-haste/DependencyGraph/ModuleResolution.js:136:15)
    at DependencyGraph.resolveDependency (/Users/roops/AutomationTestining/AutomationTesting/repos/bd34a47c-c099-4d36-ac61-810edfff31ca/node_modules/metro/src/node-haste/DependencyGraph.js:231:43)
    at Object.resolve (/Users/roops/AutomationTestining/AutomationTesting/repos/bd34a47c-c099-4d36-ac61-810edfff31ca/node_modules/metro/src/lib/transformHelpers.js:129:24)
    at resolve (/Users/roops/AutomationTestining/AutomationTesting/repos/bd34a47c-c099-4d36-ac61-810edfff31ca/node_modules/metro/src/DeltaBundler/traverseDependencies.js:396:33)
    at /Users/roops/AutomationTestining/AutomationTesting/repos/bd34a47c-c099-4d36-ac61-810edfff31ca/node_modules/metro/src/DeltaBundler/traverseDependencies.js:412:26
    at Array.reduce (<anonymous>)
    at resolveDependencies (/Users/roops/AutomationTestining/AutomationTesting/repos/bd34a47c-c099-4d36-ac61-810edfff31ca/node_modules/metro/src/DeltaBundler/traverseDependencies.js:411:33)
    at processModule (/Users/roops/AutomationTestining/AutomationTesting/repos/bd34a47c-c099-4d36-ac61-810edfff31ca/node_modules/metro/src/DeltaBundler/traverseDependencies.js:140:31)
    at async addDependency (/Users/roops/AutomationTestining/AutomationTesting/repos/bd34a47c-c099-4d36-ac61-810edfff31ca/node_modules/metro/src/DeltaBundler/traverseDependencies.js:230:18)
    at async Promise.all (index 1)
 BUNDLE  ./index.js 

 WARN  Require cycle: node_modules/@react-native-firebase/messaging/lib/index.js -> node_modules/@react-native-firebase/messaging/lib/modular/index.js -> node_modules/@react-native-firebase/messaging/lib/index.js

Require cycles are allowed, but can result in uninitialized values. Consider refactoring to remove the need for a cycle.
 ERROR  Invariant Violation: `new NativeEventEmitter()` requires a non-null argument.
 ERROR  Invariant Violation: Module AppRegistry is not a registered callable module (calling runApplication). A frequent cause of the error is that the application entry file path is incorrect.
      This can also happen when the JS bundle is corrupt or there is an early initialization error when loading React Native.
Error: Unable to resolve module ./Libraries/Components/DatePicker/DatePickerIOS from /Users/roops/AutomationTestining/AutomationTesting/repos/bd34a47c-c099-4d36-ac61-810edfff31ca/node_modules/react-native/index.js: 

None of these files exist:
  * node_modules/react-native/Libraries/Components/DatePicker/DatePickerIOS(.native|.native.js|.js|.native.json|.json|.native.ts|.ts|.native.tsx|.tsx)
  * node_modules/react-native/Libraries/Components/DatePicker/DatePickerIOS/index(.native|.native.js|.js|.native.json|.json|.native.ts|.ts|.native.tsx|.tsx)
[0m [90m 15 |[39m [36mimport[39m [36mtypeof[39m [33mActivityIndicator[39m [36mfrom[39m [32m'./Libraries/Components/ActivityIndicator/ActivityIndicator'[39m[33m;[39m
 [90m 16 |[39m [36mimport[39m [36mtypeof[39m [33mButton[39m [36mfrom[39m [32m'./Libraries/Components/Button'[39m[33m;[39m
[31m[1m>[22m[39m[90m 17 |[39m [36mimport[39m [36mtypeof[39m [33mDatePickerIOS[39m [36mfrom[39m [32m'./Libraries/Components/DatePicker/DatePickerIOS'[39m[33m;[39m
 [90m    |[39m                                   [31m[1m^[22m[39m
 [90m 18 |[39m [36mimport[39m [36mtypeof[39m [33mDrawerLayoutAndroid[39m [36mfrom[39m [32m'./Libraries/Components/DrawerAndroid/DrawerLayoutAndroid'[39m[33m;[39m
 [90m 19 |[39m [36mimport[39m [36mtypeof[39m [33mFlatList[39m [36mfrom[39m [32m'./Libraries/Lists/FlatList'[39m[33m;[39m
 [90m 20 |[39m [36mimport[39m [36mtypeof[39m [33mImage[39m [36mfrom[39m [32m'./Libraries/Image/Image'[39m[33m;[39m[0m
    at ModuleResolver.resolveDependency (/Users/roops/AutomationTestining/AutomationTesting/repos/bd34a47c-c099-4d36-ac61-810edfff31ca/node_modules/metro/src/node-haste/DependencyGraph/ModuleResolution.js:136:15)
    at DependencyGraph.resolveDependency (/Users/roops/AutomationTestining/AutomationTesting/repos/bd34a47c-c099-4d36-ac61-810edfff31ca/node_modules/metro/src/node-haste/DependencyGraph.js:231:43)
    at Object.resolve (/Users/roops/AutomationTestining/AutomationTesting/repos/bd34a47c-c099-4d36-ac61-810edfff31ca/node_modules/metro/src/lib/transformHelpers.js:129:24)
    at resolve (/Users/roops/AutomationTestining/AutomationTesting/repos/bd34a47c-c099-4d36-ac61-810edfff31ca/node_modules/metro/src/DeltaBundler/traverseDependencies.js:396:33)
    at /Users/roops/AutomationTestining/AutomationTesting/repos/bd34a47c-c099-4d36-ac61-810edfff31ca/node_modules/metro/src/DeltaBundler/traverseDependencies.js:412:26
    at Array.reduce (<anonymous>)
    at resolveDependencies (/Users/roops/AutomationTestining/AutomationTesting/repos/bd34a47c-c099-4d36-ac61-810edfff31ca/node_modules/metro/src/DeltaBundler/traverseDependencies.js:411:33)
    at processModule (/Users/roops/AutomationTestining/AutomationTesting/repos/bd34a47c-c099-4d36-ac61-810edfff31ca/node_modules/metro/src/DeltaBundler/traverseDependencies.js:140:31)
    at async addDependency (/Users/roops/AutomationTestining/AutomationTesting/repos/bd34a47c-c099-4d36-ac61-810edfff31ca/node_modules/metro/src/DeltaBundler/traverseDependencies.js:230:18)
    at async Promise.all (index 1)
Error: Unable to resolve module ./Libraries/Components/DatePicker/DatePickerIOS from /Users/roops/AutomationTestining/AutomationTesting/repos/bd34a47c-c099-4d36-ac61-810edfff31ca/node_modules/react-native/index.js: 

None of these files exist:
  * node_modules/react-native/Libraries/Components/DatePicker/DatePickerIOS(.native|.native.js|.js|.native.json|.json|.native.ts|.ts|.native.tsx|.tsx)
  * node_modules/react-native/Libraries/Components/DatePicker/DatePickerIOS/index(.native|.native.js|.js|.native.json|.json|.native.ts|.ts|.native.tsx|.tsx)
[0m [90m 15 |[39m [36mimport[39m [36mtypeof[39m [33mActivityIndicator[39m [36mfrom[39m [32m'./Libraries/Components/ActivityIndicator/ActivityIndicator'[39m[33m;[39m
 [90m 16 |[39m [36mimport[39m [36mtypeof[39m [33mButton[39m [36mfrom[39m [32m'./Libraries/Components/Button'[39m[33m;[39m
[31m[1m>[22m[39m[90m 17 |[39m [36mimport[39m [36mtypeof[39m [33mDatePickerIOS[39m [36mfrom[39m [32m'./Libraries/Components/DatePicker/DatePickerIOS'[39m[33m;[39m
 [90m    |[39m                                   [31m[1m^[22m[39m
 [90m 18 |[39m [36mimport[39m [36mtypeof[39m [33mDrawerLayoutAndroid[39m [36mfrom[39m [32m'./Libraries/Components/DrawerAndroid/DrawerLayoutAndroid'[39m[33m;[39m
 [90m 19 |[39m [36mimport[39m [36mtypeof[39m [33mFlatList[39m [36mfrom[39m [32m'./Libraries/Lists/FlatList'[39m[33m;[39m
 [90m 20 |[39m [36mimport[39m [36mtypeof[39m [33mImage[39m [36mfrom[39m [32m'./Libraries/Image/Image'[39m[33m;[39m[0m
    at ModuleResolver.resolveDependency (/Users/roops/AutomationTestining/AutomationTesting/repos/bd34a47c-c099-4d36-ac61-810edfff31ca/node_modules/metro/src/node-haste/DependencyGraph/ModuleResolution.js:136:15)
    at DependencyGraph.resolveDependency (/Users/roops/AutomationTestining/AutomationTesting/repos/bd34a47c-c099-4d36-ac61-810edfff31ca/node_modules/metro/src/node-haste/DependencyGraph.js:231:43)
    at Object.resolve (/Users/roops/AutomationTestining/AutomationTesting/repos/bd34a47c-c099-4d36-ac61-810edfff31ca/node_modules/metro/src/lib/transformHelpers.js:129:24)
    at resolve (/Users/roops/AutomationTestining/AutomationTesting/repos/bd34a47c-c099-4d36-ac61-810edfff31ca/node_modules/metro/src/DeltaBundler/traverseDependencies.js:396:33)
    at /Users/roops/AutomationTestining/AutomationTesting/repos/bd34a47c-c099-4d36-ac61-810edfff31ca/node_modules/metro/src/DeltaBundler/traverseDependencies.js:412:26
    at Array.reduce (<anonymous>)
    at resolveDependencies (/Users/roops/AutomationTestining/AutomationTesting/repos/bd34a47c-c099-4d36-ac61-810edfff31ca/node_modules/metro/src/DeltaBundler/traverseDependencies.js:411:33)
    at processModule (/Users/roops/AutomationTestining/AutomationTesting/repos/bd34a47c-c099-4d36-ac61-810edfff31ca/node_modules/metro/src/DeltaBundler/traverseDependencies.js:140:31)
    at async addDependency (/Users/roops/AutomationTestining/AutomationTesting/repos/bd34a47c-c099-4d36-ac61-810edfff31ca/node_modules/metro/src/DeltaBundler/traverseDependencies.js:230:18)
    at async Promise.all (index 1)
 ERROR  Invariant Violation: Module AppRegistry is not a registered callable module (calling runApplication). A frequent cause of the error is that the application entry file path is incorrect.
      This can also happen when the JS bundle is corrupt or there is an early initialization error when loading React Native.
Error: Unable to resolve module ./Libraries/Components/DatePicker/DatePickerIOS from /Users/roops/AutomationTestining/AutomationTesting/repos/bd34a47c-c099-4d36-ac61-810edfff31ca/node_modules/react-native/index.js: 

None of these files exist:
  * node_modules/react-native/Libraries/Components/DatePicker/DatePickerIOS(.native|.native.js|.js|.native.json|.json|.native.ts|.ts|.native.tsx|.tsx)
  * node_modules/react-native/Libraries/Components/DatePicker/DatePickerIOS/index(.native|.native.js|.js|.native.json|.json|.native.ts|.ts|.native.tsx|.tsx)
[0m [90m 15 |[39m [36mimport[39m [36mtypeof[39m [33mActivityIndicator[39m [36mfrom[39m [32m'./Libraries/Components/ActivityIndicator/ActivityIndicator'[39m[33m;[39m
 [90m 16 |[39m [36mimport[39m [36mtypeof[39m [33mButton[39m [36mfrom[39m [32m'./Libraries/Components/Button'[39m[33m;[39m
[31m[1m>[22m[39m[90m 17 |[39m [36mimport[39m [36mtypeof[39m [33mDatePickerIOS[39m [36mfrom[39m [32m'./Libraries/Components/DatePicker/DatePickerIOS'[39m[33m;[39m
 [90m    |[39m                                   [31m[1m^[22m[39m
 [90m 18 |[39m [36mimport[39m [36mtypeof[39m [33mDrawerLayoutAndroid[39m [36mfrom[39m [32m'./Libraries/Components/DrawerAndroid/DrawerLayoutAndroid'[39m[33m;[39m
 [90m 19 |[39m [36mimport[39m [36mtypeof[39m [33mFlatList[39m [36mfrom[39m [32m'./Libraries/Lists/FlatList'[39m[33m;[39m
 [90m 20 |[39m [36mimport[39m [36mtypeof[39m [33mImage[39m [36mfrom[39m [32m'./Libraries/Image/Image'[39m[33m;[39m[0m
    at ModuleResolver.resolveDependency (/Users/roops/AutomationTestining/AutomationTesting/repos/bd34a47c-c099-4d36-ac61-810edfff31ca/node_modules/metro/src/node-haste/DependencyGraph/ModuleResolution.js:136:15)
    at DependencyGraph.resolveDependency (/Users/roops/AutomationTestining/AutomationTesting/repos/bd34a47c-c099-4d36-ac61-810edfff31ca/node_modules/metro/src/node-haste/DependencyGraph.js:231:43)
    at Object.resolve (/Users/roops/AutomationTestining/AutomationTesting/repos/bd34a47c-c099-4d36-ac61-810edfff31ca/node_modules/metro/src/lib/transformHelpers.js:129:24)
    at resolve (/Users/roops/AutomationTestining/AutomationTesting/repos/bd34a47c-c099-4d36-ac61-810edfff31ca/node_modules/metro/src/DeltaBundler/traverseDependencies.js:396:33)
    at /Users/roops/AutomationTestining/AutomationTesting/repos/bd34a47c-c099-4d36-ac61-810edfff31ca/node_modules/metro/src/DeltaBundler/traverseDependencies.js:412:26
    at Array.reduce (<anonymous>)
    at resolveDependencies (/Users/roops/AutomationTestining/AutomationTesting/repos/bd34a47c-c099-4d36-ac61-810edfff31ca/node_modules/metro/src/DeltaBundler/traverseDependencies.js:411:33)
    at processModule (/Users/roops/AutomationTestining/AutomationTesting/repos/bd34a47c-c099-4d36-ac61-810edfff31ca/node_modules/metro/src/DeltaBundler/traverseDependencies.js:140:31)
    at async addDependency (/Users/roops/AutomationTestining/AutomationTesting/repos/bd34a47c-c099-4d36-ac61-810edfff31ca/node_modules/metro/src/DeltaBundler/traverseDependencies.js:230:18)
    at async Promise.all (index 1)
 BUNDLE  ./index.js 

 BUNDLE  ./index.js 

Error: Unable to resolve module ./Libraries/Components/DatePicker/DatePickerIOS from /Users/roops/AutomationTestining/AutomationTesting/repos/bd34a47c-c099-4d36-ac61-810edfff31ca/node_modules/react-native/index.js: 

None of these files exist:
  * node_modules/react-native/Libraries/Components/DatePicker/DatePickerIOS(.native|.native.js|.js|.native.json|.json|.native.ts|.ts|.native.tsx|.tsx)
  * node_modules/react-native/Libraries/Components/DatePicker/DatePickerIOS/index(.native|.native.js|.js|.native.json|.json|.native.ts|.ts|.native.tsx|.tsx)
[0m [90m 15 |[39m [36mimport[39m [36mtypeof[39m [33mActivityIndicator[39m [36mfrom[39m [32m'./Libraries/Components/ActivityIndicator/ActivityIndicator'[39m[33m;[39m
 [90m 16 |[39m [36mimport[39m [36mtypeof[39m [33mButton[39m [36mfrom[39m [32m'./Libraries/Components/Button'[39m[33m;[39m
[31m[1m>[22m[39m[90m 17 |[39m [36mimport[39m [36mtypeof[39m [33mDatePickerIOS[39m [36mfrom[39m [32m'./Libraries/Components/DatePicker/DatePickerIOS'[39m[33m;[39m
 [90m    |[39m                                   [31m[1m^[22m[39m
 [90m 18 |[39m [36mimport[39m [36mtypeof[39m [33mDrawerLayoutAndroid[39m [36mfrom[39m [32m'./Libraries/Components/DrawerAndroid/DrawerLayoutAndroid'[39m[33m;[39m
 [90m 19 |[39m [36mimport[39m [36mtypeof[39m [33mFlatList[39m [36mfrom[39m [32m'./Libraries/Lists/FlatList'[39m[33m;[39m
 [90m 20 |[39m [36mimport[39m [36mtypeof[39m [33mImage[39m [36mfrom[39m [32m'./Libraries/Image/Image'[39m[33m;[39m[0m
    at ModuleResolver.resolveDependency (/Users/roops/AutomationTestining/AutomationTesting/repos/bd34a47c-c099-4d36-ac61-810edfff31ca/node_modules/metro/src/node-haste/DependencyGraph/ModuleResolution.js:136:15)
    at DependencyGraph.resolveDependency (/Users/roops/AutomationTestining/AutomationTesting/repos/bd34a47c-c099-4d36-ac61-810edfff31ca/node_modules/metro/src/node-haste/DependencyGraph.js:231:43)
    at Object.resolve (/Users/roops/AutomationTestining/AutomationTesting/repos/bd34a47c-c099-4d36-ac61-810edfff31ca/node_modules/metro/src/lib/transformHelpers.js:129:24)
    at resolve (/Users/roops/AutomationTestining/AutomationTesting/repos/bd34a47c-c099-4d36-ac61-810edfff31ca/node_modules/metro/src/DeltaBundler/traverseDependencies.js:396:33)
    at /Users/roops/AutomationTestining/AutomationTesting/repos/bd34a47c-c099-4d36-ac61-810edfff31ca/node_modules/metro/src/DeltaBundler/traverseDependencies.js:412:26
    at Array.reduce (<anonymous>)
    at resolveDependencies (/Users/roops/AutomationTestining/AutomationTesting/repos/bd34a47c-c099-4d36-ac61-810edfff31ca/node_modules/metro/src/DeltaBundler/traverseDependencies.js:411:33)
    at processModule (/Users/roops/AutomationTestining/AutomationTesting/repos/bd34a47c-c099-4d36-ac61-810edfff31ca/node_modules/metro/src/DeltaBundler/traverseDependencies.js:140:31)
    at async addDependency (/Users/roops/AutomationTestining/AutomationTesting/repos/bd34a47c-c099-4d36-ac61-810edfff31ca/node_modules/metro/src/DeltaBundler/traverseDependencies.js:230:18)
    at async Promise.all (index 1)
 WARN  Require cycle: node_modules/@react-native-firebase/messaging/lib/index.js -> node_modules/@react-native-firebase/messaging/lib/modular/index.js -> node_modules/@react-native-firebase/messaging/lib/index.js

Require cycles are allowed, but can result in uninitialized values. Consider refactoring to remove the need for a cycle.
 WARN  ViewPropTypes will be removed from React Native. Migrate to ViewPropTypes exported from 'deprecated-react-native-prop-types'.
 WARN  ViewPropTypes will be removed from React Native. Migrate to ViewPropTypes exported from 'deprecated-react-native-prop-types'.
 WARN  ViewPropTypes will be removed from React Native. Migrate to ViewPropTypes exported from 'deprecated-react-native-prop-types'.
 WARN  ViewPropTypes will be removed from React Native. Migrate to ViewPropTypes exported from 'deprecated-react-native-prop-types'.
 WARN  ViewPropTypes will be removed from React Native. Migrate to ViewPropTypes exported from 'deprecated-react-native-prop-types'.
 WARN  ViewPropTypes will be removed from React Native. Migrate to ViewPropTypes exported from 'deprecated-react-native-prop-types'.
 WARN  ViewPropTypes will be removed from React Native. Migrate to ViewPropTypes exported from 'deprecated-react-native-prop-types'.
 WARN  ViewPropTypes will be removed from React Native. Migrate to ViewPropTypes exported from 'deprecated-react-native-prop-types'.
 WARN  ViewPropTypes will be removed from React Native. Migrate to ViewPropTypes exported from 'deprecated-react-native-prop-types'.
 WARN  ViewPropTypes will be removed from React Native. Migrate to ViewPropTypes exported from 'deprecated-react-native-prop-types'.
 WARN  Require cycle: App/Components/NewModal/index.js -> App/Screens/Cart/ColapsibleCard.js -> App/Screens/Cart/Quantity.js -> App/Components/BottomSheet/BottomUpdate.js -> App/Components/Modal/index.js -> App/Components/NewModal/index.js

Require cycles are allowed, but can result in uninitialized values. Consider refactoring to remove the need for a cycle.
 WARN  ViewPropTypes will be removed from React Native. Migrate to ViewPropTypes exported from 'deprecated-react-native-prop-types'.
 WARN  ViewPropTypes will be removed from React Native. Migrate to ViewPropTypes exported from 'deprecated-react-native-prop-types'.
 WARN  ViewPropTypes will be removed from React Native. Migrate to ViewPropTypes exported from 'deprecated-react-native-prop-types'.
 LOG  Running "vyaconsumer" with {"rootTag":1,"initialProps":{}}
 LOG  Authorization status: 1
 ERROR  Warning: Each child in a list should have a unique "key" prop.

Check the render method of `VirtualizedList`. See https://reactjs.org/link/warning-keys for more information.
CellRenderer@http://localhost:8081/index.bundle:61386:36
    in VirtualizedList (at FlatList.js:644)
    in FlatList (at dist/index.js:153)
    in RCTView (at View.js:32)
    in View (at dist/index.js:152)
    in AppIntroSlider (at RootContainer.js:140)
    in RCTView (at View.js:32)
    in View (at RootContainer.js:127)
    in RootContainer (created by Connect(RootContainer))
    in Connect(RootContainer) (at App.js:76)
    in ThemeProvider (at PaperProvider.tsx:112)
    in RCTView (at View.js:32)
    in View (at PortalHost.tsx:126)
    in Portal.Host (at PaperProvider.tsx:104)
    in RCTView (at View.js:32)
    in View (at SafeAreaProviderCompat.tsx:46)
    in SafeAreaProviderCompat (at PaperProvider.tsx:103)
    in PaperProvider (at App.js:75)
    in StripeProvider (at App.js:74)
    in Provider (at App.js:73)
    in RNCSafeAreaProvider (at SafeAreaContext.tsx:76)
    in SafeAreaProvider (at App.js:72)
    in App (at renderApplication.js:50)
    in RCTView (at View.js:32)
    in View (at AppContainer.js:92)
    in RCTView (at View.js:32)
    in View (at AppContainer.js:119)
    in AppContainer (at renderApplication.js:43)
    in vyaconsumer(RootComponent) (at renderApplication.js:60)
 WARN  Found screens with the same name nested inside one another. Check:

Main > Home, Main > Home > Home

This can cause confusing behavior during navigation. Consider using unique names for each screen instead. 
BaseNavigationContainer@http://localhost:8081/index.bundle:135139:28
ThemeProvider@http://localhost:8081/index.bundle:140596:21
NavigationContainerInner@http://localhost:8081/index.bundle:140474:26
Navigation
RCTView
View
RootContainer@http://localhost:8081/index.bundle:134351:68
Connect(RootContainer)@http://localhost:8081/index.bundle:95622:43
ThemeProvider@http://localhost:8081/index.bundle:98001:38
RCTView
View
Portal.Host@http://localhost:8081/index.bundle:108268:36
RCTView
View
SafeAreaProviderCompat@http://localhost:8081/index.bundle:100504:24
PaperProvider@http://localhost:8081/index.bundle:100377:37
StripeProvider@http://localhost:8081/index.bundle:132957:24
Provider@http://localhost:8081/index.bundle:95225:21
RNCSafeAreaProvider
SafeAreaProvider@http://localhost:8081/index.bundle:100618:24
App@http://localhost:8081/index.bundle:93234:36
RCTView
View
RCTView
View
AppContainer@http://localhost:8081/index.bundle:65345:36
vyaconsumer(RootComponent)@http://localhost:8081/index.bundle:71292:28
 ERROR  no valid “aps-environment” entitlement string found for application {"code": 3000, "details": {"NSLocalizedDescription": "no valid “aps-environment” entitlement string found for application"}, "message": "no valid “aps-environment” entitlement string found for application"}
 LOG  ✅ Socket connected: 9pOF_Ch1XazQIUkhAAA3
 LOG  📍 Auth locationCords: {"latitude": 12.9629, "longitude": 77.5775}
 WARN  Possible Unhandled Promise Rejection (id: 0):
Error: [messaging/unregistered] You must be registered for remote messages before calling getToken, see messaging().registerDeviceForRemoteMessages().
NativeFirebaseError: [messaging/unregistered] You must be registered for remote messages before calling getToken, see messaging().registerDeviceForRemoteMessages().
_callee2$@http://localhost:8081/index.bundle:93274:83
tryCatch@http://localhost:8081/index.bundle:19834:22
@http://localhost:8081/index.bundle:19922:27
tryCatch@http://localhost:8081/index.bundle:19834:22
invoke@http://localhost:8081/index.bundle:19869:25
@http://localhost:8081/index.bundle:19874:19
tryCallOne@http://localhost:8081/index.bundle:23781:16
@http://localhost:8081/index.bundle:23862:27
@http://localhost:8081/index.bundle:24780:26
_callTimer@http://localhost:8081/index.bundle:24699:17
_callReactNativeMicrotasksPass@http://localhost:8081/index.bundle:24729:17
Error: Unable to resolve module ./Libraries/Components/DatePicker/DatePickerIOS from /Users/roops/AutomationTestining/AutomationTesting/repos/bd34a47c-c099-4d36-ac61-810edfff31ca/node_modules/react-native/index.js: 

None of these files exist:
  * node_modules/react-native/Libraries/Components/DatePicker/DatePickerIOS(.native|.native.js|.js|.native.json|.json|.native.ts|.ts|.native.tsx|.tsx)
  * node_modules/react-native/Libraries/Components/DatePicker/DatePickerIOS/index(.native|.native.js|.js|.native.json|.json|.native.ts|.ts|.native.tsx|.tsx)
[0m [90m 15 |[39m [36mimport[39m [36mtypeof[39m [33mActivityIndicator[39m [36mfrom[39m [32m'./Libraries/Components/ActivityIndicator/ActivityIndicator'[39m[33m;[39m
 [90m 16 |[39m [36mimport[39m [36mtypeof[39m [33mButton[39m [36mfrom[39m [32m'./Libraries/Components/Button'[39m[33m;[39m
[31m[1m>[22m[39m[90m 17 |[39m [36mimport[39m [36mtypeof[39m [33mDatePickerIOS[39m [36mfrom[39m [32m'./Libraries/Components/DatePicker/DatePickerIOS'[39m[33m;[39m
 [90m    |[39m                                   [31m[1m^[22m[39m
 [90m 18 |[39m [36mimport[39m [36mtypeof[39m [33mDrawerLayoutAndroid[39m [36mfrom[39m [32m'./Libraries/Components/DrawerAndroid/DrawerLayoutAndroid'[39m[33m;[39m
 [90m 19 |[39m [36mimport[39m [36mtypeof[39m [33mFlatList[39m [36mfrom[39m [32m'./Libraries/Lists/FlatList'[39m[33m;[39m
 [90m 20 |[39m [36mimport[39m [36mtypeof[39m [33mImage[39m [36mfrom[39m [32m'./Libraries/Image/Image'[39m[33m;[39m[0m
    at ModuleResolver.resolveDependency (/Users/roops/AutomationTestining/AutomationTesting/repos/bd34a47c-c099-4d36-ac61-810edfff31ca/node_modules/metro/src/node-haste/DependencyGraph/ModuleResolution.js:136:15)
    at DependencyGraph.resolveDependency (/Users/roops/AutomationTestining/AutomationTesting/repos/bd34a47c-c099-4d36-ac61-810edfff31ca/node_modules/metro/src/node-haste/DependencyGraph.js:231:43)
    at Object.resolve (/Users/roops/AutomationTestining/AutomationTesting/repos/bd34a47c-c099-4d36-ac61-810edfff31ca/node_modules/metro/src/lib/transformHelpers.js:129:24)
    at resolve (/Users/roops/AutomationTestining/AutomationTesting/repos/bd34a47c-c099-4d36-ac61-810edfff31ca/node_modules/metro/src/DeltaBundler/traverseDependencies.js:396:33)
    at /Users/roops/AutomationTestining/AutomationTesting/repos/bd34a47c-c099-4d36-ac61-810edfff31ca/node_modules/metro/src/DeltaBundler/traverseDependencies.js:412:26
    at Array.reduce (<anonymous>)
    at resolveDependencies (/Users/roops/AutomationTestining/AutomationTesting/repos/bd34a47c-c099-4d36-ac61-810edfff31ca/node_modules/metro/src/DeltaBundler/traverseDependencies.js:411:33)
    at processModule (/Users/roops/AutomationTestining/AutomationTesting/repos/bd34a47c-c099-4d36-ac61-810edfff31ca/node_modules/metro/src/DeltaBundler/traverseDependencies.js:140:31)
    at async addDependency (/Users/roops/AutomationTestining/AutomationTesting/repos/bd34a47c-c099-4d36-ac61-810edfff31ca/node_modules/metro/src/DeltaBundler/traverseDependencies.js:230:18)
    at async Promise.all (index 1)
Error: Unable to resolve module ./Libraries/Components/DatePicker/DatePickerIOS from /Users/roops/AutomationTestining/AutomationTesting/repos/bd34a47c-c099-4d36-ac61-810edfff31ca/node_modules/react-native/index.js: 

None of these files exist:
  * node_modules/react-native/Libraries/Components/DatePicker/DatePickerIOS(.native|.native.js|.js|.native.json|.json|.native.ts|.ts|.native.tsx|.tsx)
  * node_modules/react-native/Libraries/Components/DatePicker/DatePickerIOS/index(.native|.native.js|.js|.native.json|.json|.native.ts|.ts|.native.tsx|.tsx)
[0m [90m 15 |[39m [36mimport[39m [36mtypeof[39m [33mActivityIndicator[39m [36mfrom[39m [32m'./Libraries/Components/ActivityIndicator/ActivityIndicator'[39m[33m;[39m
 [90m 16 |[39m [36mimport[39m [36mtypeof[39m [33mButton[39m [36mfrom[39m [32m'./Libraries/Components/Button'[39m[33m;[39m
[31m[1m>[22m[39m[90m 17 |[39m [36mimport[39m [36mtypeof[39m [33mDatePickerIOS[39m [36mfrom[39m [32m'./Libraries/Components/DatePicker/DatePickerIOS'[39m[33m;[39m
 [90m    |[39m                                   [31m[1m^[22m[39m
 [90m 18 |[39m [36mimport[39m [36mtypeof[39m [33mDrawerLayoutAndroid[39m [36mfrom[39m [32m'./Libraries/Components/DrawerAndroid/DrawerLayoutAndroid'[39m[33m;[39m
 [90m 19 |[39m [36mimport[39m [36mtypeof[39m [33mFlatList[39m [36mfrom[39m [32m'./Libraries/Lists/FlatList'[39m[33m;[39m
 [90m 20 |[39m [36mimport[39m [36mtypeof[39m [33mImage[39m [36mfrom[39m [32m'./Libraries/Image/Image'[39m[33m;[39m[0m
    at ModuleResolver.resolveDependency (/Users/roops/AutomationTestining/AutomationTesting/repos/bd34a47c-c099-4d36-ac61-810edfff31ca/node_modules/metro/src/node-haste/DependencyGraph/ModuleResolution.js:136:15)
    at DependencyGraph.resolveDependency (/Users/roops/AutomationTestining/AutomationTesting/repos/bd34a47c-c099-4d36-ac61-810edfff31ca/node_modules/metro/src/node-haste/DependencyGraph.js:231:43)
    at Object.resolve (/Users/roops/AutomationTestining/AutomationTesting/repos/bd34a47c-c099-4d36-ac61-810edfff31ca/node_modules/metro/src/lib/transformHelpers.js:129:24)
    at resolve (/Users/roops/AutomationTestining/AutomationTesting/repos/bd34a47c-c099-4d36-ac61-810edfff31ca/node_modules/metro/src/DeltaBundler/traverseDependencies.js:396:33)
    at /Users/roops/AutomationTestining/AutomationTesting/repos/bd34a47c-c099-4d36-ac61-810edfff31ca/node_modules/metro/src/DeltaBundler/traverseDependencies.js:412:26
    at Array.reduce (<anonymous>)
    at resolveDependencies (/Users/roops/AutomationTestining/AutomationTesting/repos/bd34a47c-c099-4d36-ac61-810edfff31ca/node_modules/metro/src/DeltaBundler/traverseDependencies.js:411:33)
    at processModule (/Users/roops/AutomationTestining/AutomationTesting/repos/bd34a47c-c099-4d36-ac61-810edfff31ca/node_modules/metro/src/DeltaBundler/traverseDependencies.js:140:31)
    at async addDependency (/Users/roops/AutomationTestining/AutomationTesting/repos/bd34a47c-c099-4d36-ac61-810edfff31ca/node_modules/metro/src/DeltaBundler/traverseDependencies.js:230:18)
    at async Promise.all (index 1)
Error: Unable to resolve module ./Libraries/Components/DatePicker/DatePickerIOS from /Users/roops/AutomationTestining/AutomationTesting/repos/bd34a47c-c099-4d36-ac61-810edfff31ca/node_modules/react-native/index.js: 

None of these files exist:
  * node_modules/react-native/Libraries/Components/DatePicker/DatePickerIOS(.native|.native.js|.js|.native.json|.json|.native.ts|.ts|.native.tsx|.tsx)
  * node_modules/react-native/Libraries/Components/DatePicker/DatePickerIOS/index(.native|.native.js|.js|.native.json|.json|.native.ts|.ts|.native.tsx|.tsx)
[0m [90m 15 |[39m [36mimport[39m [36mtypeof[39m [33mActivityIndicator[39m [36mfrom[39m [32m'./Libraries/Components/ActivityIndicator/ActivityIndicator'[39m[33m;[39m
 [90m 16 |[39m [36mimport[39m [36mtypeof[39m [33mButton[39m [36mfrom[39m [32m'./Libraries/Components/Button'[39m[33m;[39m
[31m[1m>[22m[39m[90m 17 |[39m [36mimport[39m [36mtypeof[39m [33mDatePickerIOS[39m [36mfrom[39m [32m'./Libraries/Components/DatePicker/DatePickerIOS'[39m[33m;[39m
 [90m    |[39m                                   [31m[1m^[22m[39m
 [90m 18 |[39m [36mimport[39m [36mtypeof[39m [33mDrawerLayoutAndroid[39m [36mfrom[39m [32m'./Libraries/Components/DrawerAndroid/DrawerLayoutAndroid'[39m[33m;[39m
 [90m 19 |[39m [36mimport[39m [36mtypeof[39m [33mFlatList[39m [36mfrom[39m [32m'./Libraries/Lists/FlatList'[39m[33m;[39m
 [90m 20 |[39m [36mimport[39m [36mtypeof[39m [33mImage[39m [36mfrom[39m [32m'./Libraries/Image/Image'[39m[33m;[39m[0m
    at ModuleResolver.resolveDependency (/Users/roops/AutomationTestining/AutomationTesting/repos/bd34a47c-c099-4d36-ac61-810edfff31ca/node_modules/metro/src/node-haste/DependencyGraph/ModuleResolution.js:136:15)
    at DependencyGraph.resolveDependency (/Users/roops/AutomationTestining/AutomationTesting/repos/bd34a47c-c099-4d36-ac61-810edfff31ca/node_modules/metro/src/node-haste/DependencyGraph.js:231:43)
    at Object.resolve (/Users/roops/AutomationTestining/AutomationTesting/repos/bd34a47c-c099-4d36-ac61-810edfff31ca/node_modules/metro/src/lib/transformHelpers.js:129:24)
    at resolve (/Users/roops/AutomationTestining/AutomationTesting/repos/bd34a47c-c099-4d36-ac61-810edfff31ca/node_modules/metro/src/DeltaBundler/traverseDependencies.js:396:33)
    at /Users/roops/AutomationTestining/AutomationTesting/repos/bd34a47c-c099-4d36-ac61-810edfff31ca/node_modules/metro/src/DeltaBundler/traverseDependencies.js:412:26
    at Array.reduce (<anonymous>)
    at resolveDependencies (/Users/roops/AutomationTestining/AutomationTesting/repos/bd34a47c-c099-4d36-ac61-810edfff31ca/node_modules/metro/src/DeltaBundler/traverseDependencies.js:411:33)
    at processModule (/Users/roops/AutomationTestining/AutomationTesting/repos/bd34a47c-c099-4d36-ac61-810edfff31ca/node_modules/metro/src/DeltaBundler/traverseDependencies.js:140:31)
    at async addDependency (/Users/roops/AutomationTestining/AutomationTesting/repos/bd34a47c-c099-4d36-ac61-810edfff31ca/node_modules/metro/src/DeltaBundler/traverseDependencies.js:230:18)
    at async Promise.all (index 1)
Error: Unable to resolve module ./Libraries/Components/DatePicker/DatePickerIOS from /Users/roops/AutomationTestining/AutomationTesting/repos/bd34a47c-c099-4d36-ac61-810edfff31ca/node_modules/react-native/index.js: 

None of these files exist:
  * node_modules/react-native/Libraries/Components/DatePicker/DatePickerIOS(.native|.native.js|.js|.native.json|.json|.native.ts|.ts|.native.tsx|.tsx)
  * node_modules/react-native/Libraries/Components/DatePicker/DatePickerIOS/index(.native|.native.js|.js|.native.json|.json|.native.ts|.ts|.native.tsx|.tsx)
[0m [90m 15 |[39m [36mimport[39m [36mtypeof[39m [33mActivityIndicator[39m [36mfrom[39m [32m'./Libraries/Components/ActivityIndicator/ActivityIndicator'[39m[33m;[39m
 [90m 16 |[39m [36mimport[39m [36mtypeof[39m [33mButton[39m [36mfrom[39m [32m'./Libraries/Components/Button'[39m[33m;[39m
[31m[1m>[22m[39m[90m 17 |[39m [36mimport[39m [36mtypeof[39m [33mDatePickerIOS[39m [36mfrom[39m [32m'./Libraries/Components/DatePicker/DatePickerIOS'[39m[33m;[39m
 [90m    |[39m                                   [31m[1m^[22m[39m
 [90m 18 |[39m [36mimport[39m [36mtypeof[39m [33mDrawerLayoutAndroid[39m [36mfrom[39m [32m'./Libraries/Components/DrawerAndroid/DrawerLayoutAndroid'[39m[33m;[39m
 [90m 19 |[39m [36mimport[39m [36mtypeof[39m [33mFlatList[39m [36mfrom[39m [32m'./Libraries/Lists/FlatList'[39m[33m;[39m
 [90m 20 |[39m [36mimport[39m [36mtypeof[39m [33mImage[39m [36mfrom[39m [32m'./Libraries/Image/Image'[39m[33m;[39m[0m
    at ModuleResolver.resolveDependency (/Users/roops/AutomationTestining/AutomationTesting/repos/bd34a47c-c099-4d36-ac61-810edfff31ca/node_modules/metro/src/node-haste/DependencyGraph/ModuleResolution.js:136:15)
    at DependencyGraph.resolveDependency (/Users/roops/AutomationTestining/AutomationTesting/repos/bd34a47c-c099-4d36-ac61-810edfff31ca/node_modules/metro/src/node-haste/DependencyGraph.js:231:43)
    at Object.resolve (/Users/roops/AutomationTestining/AutomationTesting/repos/bd34a47c-c099-4d36-ac61-810edfff31ca/node_modules/metro/src/lib/transformHelpers.js:129:24)
    at resolve (/Users/roops/AutomationTestining/AutomationTesting/repos/bd34a47c-c099-4d36-ac61-810edfff31ca/node_modules/metro/src/DeltaBundler/traverseDependencies.js:396:33)
    at /Users/roops/AutomationTestining/AutomationTesting/repos/bd34a47c-c099-4d36-ac61-810edfff31ca/node_modules/metro/src/DeltaBundler/traverseDependencies.js:412:26
    at Array.reduce (<anonymous>)
    at resolveDependencies (/Users/roops/AutomationTestining/AutomationTesting/repos/bd34a47c-c099-4d36-ac61-810edfff31ca/node_modules/metro/src/DeltaBundler/traverseDependencies.js:411:33)
    at processModule (/Users/roops/AutomationTestining/AutomationTesting/repos/bd34a47c-c099-4d36-ac61-810edfff31ca/node_modules/metro/src/DeltaBundler/traverseDependencies.js:140:31)
    at async addDependency (/Users/roops/AutomationTestining/AutomationTesting/repos/bd34a47c-c099-4d36-ac61-810edfff31ca/node_modules/metro/src/DeltaBundler/traverseDependencies.js:230:18)
    at async Promise.all (index 1)
 ERROR  Warning: Each child in a list should have a unique "key" prop.

Check the render method of `HomeContainer`. See https://reactjs.org/link/warning-keys for more information.
    in HomeContainer (at Home/index.js:1253)
    in RCTView (at View.js:32)
    in View (at VirtualizedList.js:2063)
    in VirtualizedListCellContextProvider (at VirtualizedList.js:2078)
    in CellRenderer (at VirtualizedList.js:816)
    in RCTScrollContentView (at ScrollView.js:1682)
    in RCTScrollView (at ScrollView.js:1775)
    in ScrollView (at ScrollView.js:1826)
    in ScrollView (at VirtualizedList.js:1267)
    in VirtualizedListContextProvider (at VirtualizedList.js:1099)
    in VirtualizedList (at FlatList.js:644)
    in FlatList (at AnimatedFlatList.js:22)
    in Unknown (at createAnimatedComponent.js:211)
    in AnimatedComponent (at createAnimatedComponent.js:264)
    in AnimatedComponentWrapper (at Home/index.js:1627)
    in RCTView (at View.js:32)
    in View (at Home/index.js:1610)
    in RCTView (at View.js:32)
    in View (at Home/index.js:1533)
    in RCTSafeAreaView (at SafeAreaView.js:51)
    in SafeAreaView (at Home/index.js:1532)
    in Home (created by Connect(Home))
    in Connect(Home) (at SceneView.tsx:132)
    in StaticContainer
    in EnsureSingleNavigator (at SceneView.tsx:124)
    in SceneView (at useDescriptors.tsx:218)
    in RCTView (at View.js:32)
    in View (at Screen.tsx:63)
    in RCTView (at View.js:32)
    in View (at Background.tsx:13)
    in Background (at Screen.tsx:58)
    in Screen (at BottomTabView.tsx:135)
    in RCTView (at View.js:32)
    in View (at ResourceSavingView.tsx:42)
    in RCTView (at View.js:32)
    in View (at ResourceSavingView.tsx:37)
    in ResourceSavingScene (at ScreenFallback.tsx:46)
    in MaybeScreen (at BottomTabView.tsx:127)
    in RCTView (at View.js:32)
    in View (at ScreenFallback.tsx:33)
    in MaybeScreenContainer (at BottomTabView.tsx:93)
    in RCTView (at View.js:32)
    in View (at SafeAreaProviderCompat.tsx:43)
    in SafeAreaProviderCompat (at BottomTabView.tsx:92)
    in BottomTabView (at createBottomTabNavigator.tsx:118)
    in PreventRemoveProvider (at useNavigationBuilder.tsx:718)
    in NavigationContent (at useComponent.tsx:35)
    in Unknown (at createBottomTabNavigator.tsx:117)
    in BottomTabNavigator (at BottomNavigator.js:211)
    in BottomNavigator (created by Connect(BottomNavigator))
    in Connect(BottomNavigator) (at SceneView.tsx:132)
    in StaticContainer
    in EnsureSingleNavigator (at SceneView.tsx:124)
    in SceneView (at useDescriptors.tsx:218)
    in RCTView (at View.js:32)
    in View (at CardContainer.tsx:281)
    in RCTView (at View.js:32)
    in View (at CardContainer.tsx:279)
    in RCTView (at View.js:32)
    in View (at CardSheet.tsx:45)
    in CardSheet (at Card.tsx:563)
    in RCTView (at View.js:32)
    in View (at createAnimatedComponent.js:211)
    in AnimatedComponent (at createAnimatedComponent.js:264)
    in AnimatedComponentWrapper (at Card.tsx:542)
    in PanGestureHandler (at GestureHandlerNative.tsx:14)
    in PanGestureHandler (at Card.tsx:536)
    in RCTView (at View.js:32)
    in View (at createAnimatedComponent.js:211)
    in AnimatedComponent (at createAnimatedComponent.js:264)
    in AnimatedComponentWrapper (at Card.tsx:532)
    in RCTView (at View.js:32)
    in View (at Card.tsx:520)
    in Card (at CardContainer.tsx:219)
    in CardContainer (at CardStack.tsx:673)
    in RCTView (at View.js:32)
    in View (at createAnimatedComponent.js:211)
    in AnimatedComponent (at createAnimatedComponent.js:264)
    in AnimatedComponentWrapper (at src/index.native.tsx:114)
    in Screen (at Screens.tsx:38)
    in MaybeScreen (at CardStack.tsx:665)
    in RCTView (at View.js:32)
    in View (at src/index.native.tsx:145)
    in ScreenContainer (at Screens.tsx:20)
    in MaybeScreenContainer (at CardStack.tsx:572)
    in RCTView (at View.js:32)
    in View (at Background.tsx:13)
    in Background (at CardStack.tsx:570)
    in CardStack (at StackView.tsx:437)
    in RCTView (at View.js:32)
    in View (at SafeAreaProviderCompat.tsx:43)
    in SafeAreaProviderCompat (at StackView.tsx:430)
    in RCTView (at View.js:32)
    in View (at GestureHandlerRootView.tsx:17)
    in GestureHandlerRootView (at StackView.tsx:429)
    in StackView (at createStackNavigator.tsx:121)
    in PreventRemoveProvider (at useNavigationBuilder.tsx:718)
    in NavigationContent (at useComponent.tsx:35)
    in Unknown (at createStackNavigator.tsx:120)
    in StackNavigator (at StackNavigator.js:162)
    in RCTView (at View.js:32)
    in View (at createAnimatedComponent.tsx:688)
    in AnimatedComponent(View) (at createAnimatedComponent.tsx:699)
    in Unknown (at StackNavigator.js:160)
    in StackNavigator (created by Connect(StackNavigator))
    in Connect(StackNavigator) (at Navigation.js:51)
    in StaticContainer
    in EnsureSingleNavigator (at SceneView.tsx:124)
    in SceneView (at useDescriptors.tsx:218)
    in RCTView (at View.js:32)
    in View (at Screen.tsx:63)
    in RCTView (at View.js:32)
    in View (at Background.tsx:13)
    in Background (at Screen.tsx:58)
    in Screen (at DrawerView.tsx:234)
    in RCTView (at View.js:32)
    in View (at ResourceSavingView.tsx:42)
    in RCTView (at View.js:32)
    in View (at ResourceSavingView.tsx:37)
    in ResourceSavingScene (at ScreenFallback.tsx:46)
    in MaybeScreen (at DrawerView.tsx:227)
    in RCTView (at View.js:32)
    in View (at ScreenFallback.tsx:33)
    in MaybeScreenContainer (at DrawerView.tsx:188)
    in RCTView (at View.js:32)
    in View (at Drawer.tsx:366)
    in RCTView (at View.js:32)
    in View (at createAnimatedComponent.tsx:688)
    in AnimatedComponent(View) (at createAnimatedComponent.tsx:699)
    in Unknown (at Drawer.tsx:365)
    in RCTView (at View.js:32)
    in View (at createAnimatedComponent.tsx:688)
    in AnimatedComponent(View) (at createAnimatedComponent.tsx:699)
    in Unknown (at Drawer.tsx:356)
    in PanGestureHandler (at GestureHandlerNative.tsx:14)
    in PanGestureHandler (at Drawer.tsx:347)
    in Drawer (at DrawerView.tsx:261)
    in DrawerViewBase (at DrawerView.tsx:306)
    in RCTView (at View.js:32)
    in View (at GestureHandlerRootView.tsx:17)
    in GestureHandlerRootView (at DrawerView.tsx:305)
    in RCTView (at View.js:32)
    in View (at SafeAreaProviderCompat.tsx:43)
    in SafeAreaProviderCompat (at DrawerView.tsx:304)
    in DrawerView (at createDrawerNavigator.tsx:128)
    in PreventRemoveProvider (at useNavigationBuilder.tsx:718)
    in NavigationContent (at useComponent.tsx:35)
    in Unknown (at createDrawerNavigator.tsx:127)
    in DrawerNavigator (at Navigation.js:31)
    in EnsureSingleNavigator (at BaseNavigationContainer.tsx:433)
    in BaseNavigationContainer (at NavigationContainer.tsx:132)
    in ThemeProvider (at NavigationContainer.tsx:131)
    in NavigationContainerInner (at Navigation.js:30)
    in Navigation (at RootContainer.js:138)
    in RCTView (at View.js:32)
    in View (at RootContainer.js:127)
    in RootContainer (created by Connect(RootContainer))
    in Connect(RootContainer) (at App.js:76)
    in ThemeProvider (at PaperProvider.tsx:112)
    in RCTView (at View.js:32)
    in View (at PortalHost.tsx:126)
    in Portal.Host (at PaperProvider.tsx:104)
    in RCTView (at View.js:32)
    in View (at SafeAreaProviderCompat.tsx:46)
    in SafeAreaProviderCompat (at PaperProvider.tsx:103)
    in PaperProvider (at App.js:75)
    in StripeProvider (at App.js:74)
    in Provider (at App.js:73)
    in RNCSafeAreaProvider (at SafeAreaContext.tsx:76)
    in SafeAreaProvider (at App.js:72)
    in App (at renderApplication.js:50)
    in RCTView (at View.js:32)
    in View (at AppContainer.js:92)
    in RCTView (at View.js:32)
    in View (at AppContainer.js:119)
    in AppContainer (at renderApplication.js:43)
    in vyaconsumer(RootComponent) (at renderApplication.js:60)
Error: Unable to resolve module ./Libraries/Components/DatePicker/DatePickerIOS from /Users/roops/AutomationTestining/AutomationTesting/repos/bd34a47c-c099-4d36-ac61-810edfff31ca/node_modules/react-native/index.js: 

None of these files exist:
  * node_modules/react-native/Libraries/Components/DatePicker/DatePickerIOS(.native|.native.js|.js|.native.json|.json|.native.ts|.ts|.native.tsx|.tsx)
  * node_modules/react-native/Libraries/Components/DatePicker/DatePickerIOS/index(.native|.native.js|.js|.native.json|.json|.native.ts|.ts|.native.tsx|.tsx)
[0m [90m 15 |[39m [36mimport[39m [36mtypeof[39m [33mActivityIndicator[39m [36mfrom[39m [32m'./Libraries/Components/ActivityIndicator/ActivityIndicator'[39m[33m;[39m
 [90m 16 |[39m [36mimport[39m [36mtypeof[39m [33mButton[39m [36mfrom[39m [32m'./Libraries/Components/Button'[39m[33m;[39m
[31m[1m>[22m[39m[90m 17 |[39m [36mimport[39m [36mtypeof[39m [33mDatePickerIOS[39m [36mfrom[39m [32m'./Libraries/Components/DatePicker/DatePickerIOS'[39m[33m;[39m
 [90m    |[39m                                   [31m[1m^[22m[39m
 [90m 18 |[39m [36mimport[39m [36mtypeof[39m [33mDrawerLayoutAndroid[39m [36mfrom[39m [32m'./Libraries/Components/DrawerAndroid/DrawerLayoutAndroid'[39m[33m;[39m
 [90m 19 |[39m [36mimport[39m [36mtypeof[39m [33mFlatList[39m [36mfrom[39m [32m'./Libraries/Lists/FlatList'[39m[33m;[39m
 [90m 20 |[39m [36mimport[39m [36mtypeof[39m [33mImage[39m [36mfrom[39m [32m'./Libraries/Image/Image'[39m[33m;[39m[0m
    at ModuleResolver.resolveDependency (/Users/roops/AutomationTestining/AutomationTesting/repos/bd34a47c-c099-4d36-ac61-810edfff31ca/node_modules/metro/src/node-haste/DependencyGraph/ModuleResolution.js:136:15)
    at DependencyGraph.resolveDependency (/Users/roops/AutomationTestining/AutomationTesting/repos/bd34a47c-c099-4d36-ac61-810edfff31ca/node_modules/metro/src/node-haste/DependencyGraph.js:231:43)
    at Object.resolve (/Users/roops/AutomationTestining/AutomationTesting/repos/bd34a47c-c099-4d36-ac61-810edfff31ca/node_modules/metro/src/lib/transformHelpers.js:129:24)
    at resolve (/Users/roops/AutomationTestining/AutomationTesting/repos/bd34a47c-c099-4d36-ac61-810edfff31ca/node_modules/metro/src/DeltaBundler/traverseDependencies.js:396:33)
    at /Users/roops/AutomationTestining/AutomationTesting/repos/bd34a47c-c099-4d36-ac61-810edfff31ca/node_modules/metro/src/DeltaBundler/traverseDependencies.js:412:26
    at Array.reduce (<anonymous>)
    at resolveDependencies (/Users/roops/AutomationTestining/AutomationTesting/repos/bd34a47c-c099-4d36-ac61-810edfff31ca/node_modules/metro/src/DeltaBundler/traverseDependencies.js:411:33)
    at processModule (/Users/roops/AutomationTestining/AutomationTesting/repos/bd34a47c-c099-4d36-ac61-810edfff31ca/node_modules/metro/src/DeltaBundler/traverseDependencies.js:140:31)
    at async addDependency (/Users/roops/AutomationTestining/AutomationTesting/repos/bd34a47c-c099-4d36-ac61-810edfff31ca/node_modules/metro/src/DeltaBundler/traverseDependencies.js:230:18)
    at async Promise.all (index 1)
 ERROR  Warning: Rendering <Context> directly is not supported and will be removed in a future major release. Did you mean to render <Context.Consumer> instead?
    in RCTView (at View.js:32)
    in View (at HeaderScrollImage/index.js:101)
    in Test (at Reservation.js:1946)
    in Reservation (created by Connect(Reservation))
    in Connect(Reservation) (at SceneView.tsx:132)
    in StaticContainer
    in EnsureSingleNavigator (at SceneView.tsx:124)
    in SceneView (at useDescriptors.tsx:218)
    in RCTView (at View.js:32)
    in View (at CardContainer.tsx:281)
    in RCTView (at View.js:32)
    in View (at CardContainer.tsx:279)
    in RCTView (at View.js:32)
    in View (at CardSheet.tsx:45)
    in CardSheet (at Card.tsx:563)
    in RCTView (at View.js:32)
    in View (at createAnimatedComponent.js:211)
    in AnimatedComponent (at createAnimatedComponent.js:264)
    in AnimatedComponentWrapper (at Card.tsx:542)
    in PanGestureHandler (at GestureHandlerNative.tsx:14)
    in PanGestureHandler (at Card.tsx:536)
    in RCTView (at View.js:32)
    in View (at createAnimatedComponent.js:211)
    in AnimatedComponent (at createAnimatedComponent.js:264)
    in AnimatedComponentWrapper (at Card.tsx:532)
    in RCTView (at View.js:32)
    in View (at Card.tsx:520)
    in Card (at CardContainer.tsx:219)
    in CardContainer (at CardStack.tsx:673)
    in RCTView (at View.js:32)
    in View (at createAnimatedComponent.js:211)
    in AnimatedComponent (at createAnimatedComponent.js:264)
    in AnimatedComponentWrapper (at src/index.native.tsx:114)
    in Screen (at Screens.tsx:38)
    in MaybeScreen (at CardStack.tsx:665)
    in RCTView (at View.js:32)
    in View (at src/index.native.tsx:145)
    in ScreenContainer (at Screens.tsx:20)
    in MaybeScreenContainer (at CardStack.tsx:572)
    in RCTView (at View.js:32)
    in View (at Background.tsx:13)
    in Background (at CardStack.tsx:570)
    in CardStack (at StackView.tsx:437)
    in RCTView (at View.js:32)
    in View (at SafeAreaProviderCompat.tsx:43)
    in SafeAreaProviderCompat (at StackView.tsx:430)
    in RCTView (at View.js:32)
    in View (at GestureHandlerRootView.tsx:17)
    in GestureHandlerRootView (at StackView.tsx:429)
    in StackView (at createStackNavigator.tsx:121)
    in PreventRemoveProvider (at useNavigationBuilder.tsx:718)
    in NavigationContent (at useComponent.tsx:35)
    in Unknown (at createStackNavigator.tsx:120)
    in StackNavigator (at StackNavigator.js:162)
    in RCTView (at View.js:32)
    in View (at createAnimatedComponent.tsx:688)
    in AnimatedComponent(View) (at createAnimatedComponent.tsx:699)
    in Unknown (at StackNavigator.js:160)
    in StackNavigator (created by Connect(StackNavigator))
    in Connect(StackNavigator) (at Navigation.js:51)
    in StaticContainer
    in EnsureSingleNavigator (at SceneView.tsx:124)
    in SceneView (at useDescriptors.tsx:218)
    in RCTView (at View.js:32)
    in View (at Screen.tsx:63)
    in RCTView (at View.js:32)
    in View (at Background.tsx:13)
    in Background (at Screen.tsx:58)
    in Screen (at DrawerView.tsx:234)
    in RCTView (at View.js:32)
    in View (at ResourceSavingView.tsx:42)
    in RCTView (at View.js:32)
    in View (at ResourceSavingView.tsx:37)
    in ResourceSavingScene (at ScreenFallback.tsx:46)
    in MaybeScreen (at DrawerView.tsx:227)
    in RCTView (at View.js:32)
    in View (at ScreenFallback.tsx:33)
    in MaybeScreenContainer (at DrawerView.tsx:188)
    in RCTView (at View.js:32)
    in View (at Drawer.tsx:366)
    in RCTView (at View.js:32)
    in View (at createAnimatedComponent.tsx:688)
    in AnimatedComponent(View) (at createAnimatedComponent.tsx:699)
    in Unknown (at Drawer.tsx:365)
    in RCTView (at View.js:32)
    in View (at createAnimatedComponent.tsx:688)
    in AnimatedComponent(View) (at createAnimatedComponent.tsx:699)
    in Unknown (at Drawer.tsx:356)
    in PanGestureHandler (at GestureHandlerNative.tsx:14)
    in PanGestureHandler (at Drawer.tsx:347)
    in Drawer (at DrawerView.tsx:261)
    in DrawerViewBase (at DrawerView.tsx:306)
    in RCTView (at View.js:32)
    in View (at GestureHandlerRootView.tsx:17)
    in GestureHandlerRootView (at DrawerView.tsx:305)
    in RCTView (at View.js:32)
    in View (at SafeAreaProviderCompat.tsx:43)
    in SafeAreaProviderCompat (at DrawerView.tsx:304)
    in DrawerView (at createDrawerNavigator.tsx:128)
    in PreventRemoveProvider (at useNavigationBuilder.tsx:718)
    in NavigationContent (at useComponent.tsx:35)
    in Unknown (at createDrawerNavigator.tsx:127)
    in DrawerNavigator (at Navigation.js:31)
    in EnsureSingleNavigator (at BaseNavigationContainer.tsx:433)
    in BaseNavigationContainer (at NavigationContainer.tsx:132)
    in ThemeProvider (at NavigationContainer.tsx:131)
    in NavigationContainerInner (at Navigation.js:30)
    in Navigation (at RootContainer.js:138)
    in RCTView (at View.js:32)
    in View (at RootContainer.js:127)
    in RootContainer (created by Connect(RootContainer))
    in Connect(RootContainer) (at App.js:76)
    in ThemeProvider (at PaperProvider.tsx:112)
    in RCTView (at View.js:32)
    in View (at PortalHost.tsx:126)
    in Portal.Host (at PaperProvider.tsx:104)
    in RCTView (at View.js:32)
    in View (at SafeAreaProviderCompat.tsx:46)
    in SafeAreaProviderCompat (at PaperProvider.tsx:103)
    in PaperProvider (at App.js:75)
    in StripeProvider (at App.js:74)
    in Provider (at App.js:73)
    in RNCSafeAreaProvider (at SafeAreaContext.tsx:76)
    in SafeAreaProvider (at App.js:72)
    in App (at renderApplication.js:50)
    in RCTView (at View.js:32)
    in View (at AppContainer.js:92)
    in RCTView (at View.js:32)
    in View (at AppContainer.js:119)
    in AppContainer (at renderApplication.js:43)
    in vyaconsumer(RootComponent) (at renderApplication.js:60)
 WARN  No restaurantroom ID provided!
Error: Unable to resolve module ./Libraries/Components/DatePicker/DatePickerIOS from /Users/roops/AutomationTestining/AutomationTesting/repos/bd34a47c-c099-4d36-ac61-810edfff31ca/node_modules/react-native/index.js: 

None of these files exist:
  * node_modules/react-native/Libraries/Components/DatePicker/DatePickerIOS(.native|.native.js|.js|.native.json|.json|.native.ts|.ts|.native.tsx|.tsx)
  * node_modules/react-native/Libraries/Components/DatePicker/DatePickerIOS/index(.native|.native.js|.js|.native.json|.json|.native.ts|.ts|.native.tsx|.tsx)
[0m [90m 15 |[39m [36mimport[39m [36mtypeof[39m [33mActivityIndicator[39m [36mfrom[39m [32m'./Libraries/Components/ActivityIndicator/ActivityIndicator'[39m[33m;[39m
 [90m 16 |[39m [36mimport[39m [36mtypeof[39m [33mButton[39m [36mfrom[39m [32m'./Libraries/Components/Button'[39m[33m;[39m
[31m[1m>[22m[39m[90m 17 |[39m [36mimport[39m [36mtypeof[39m [33mDatePickerIOS[39m [36mfrom[39m [32m'./Libraries/Components/DatePicker/DatePickerIOS'[39m[33m;[39m
 [90m    |[39m                                   [31m[1m^[22m[39m
 [90m 18 |[39m [36mimport[39m [36mtypeof[39m [33mDrawerLayoutAndroid[39m [36mfrom[39m [32m'./Libraries/Components/DrawerAndroid/DrawerLayoutAndroid'[39m[33m;[39m
 [90m 19 |[39m [36mimport[39m [36mtypeof[39m [33mFlatList[39m [36mfrom[39m [32m'./Libraries/Lists/FlatList'[39m[33m;[39m
 [90m 20 |[39m [36mimport[39m [36mtypeof[39m [33mImage[39m [36mfrom[39m [32m'./Libraries/Image/Image'[39m[33m;[39m[0m
    at ModuleResolver.resolveDependency (/Users/roops/AutomationTestining/AutomationTesting/repos/bd34a47c-c099-4d36-ac61-810edfff31ca/node_modules/metro/src/node-haste/DependencyGraph/ModuleResolution.js:136:15)
    at DependencyGraph.resolveDependency (/Users/roops/AutomationTestining/AutomationTesting/repos/bd34a47c-c099-4d36-ac61-810edfff31ca/node_modules/metro/src/node-haste/DependencyGraph.js:231:43)
    at Object.resolve (/Users/roops/AutomationTestining/AutomationTesting/repos/bd34a47c-c099-4d36-ac61-810edfff31ca/node_modules/metro/src/lib/transformHelpers.js:129:24)
    at resolve (/Users/roops/AutomationTestining/AutomationTesting/repos/bd34a47c-c099-4d36-ac61-810edfff31ca/node_modules/metro/src/DeltaBundler/traverseDependencies.js:396:33)
    at /Users/roops/AutomationTestining/AutomationTesting/repos/bd34a47c-c099-4d36-ac61-810edfff31ca/node_modules/metro/src/DeltaBundler/traverseDependencies.js:412:26
    at Array.reduce (<anonymous>)
    at resolveDependencies (/Users/roops/AutomationTestining/AutomationTesting/repos/bd34a47c-c099-4d36-ac61-810edfff31ca/node_modules/metro/src/DeltaBundler/traverseDependencies.js:411:33)
    at processModule (/Users/roops/AutomationTestining/AutomationTesting/repos/bd34a47c-c099-4d36-ac61-810edfff31ca/node_modules/metro/src/DeltaBundler/traverseDependencies.js:140:31)
    at async addDependency (/Users/roops/AutomationTestining/AutomationTesting/repos/bd34a47c-c099-4d36-ac61-810edfff31ca/node_modules/metro/src/DeltaBundler/traverseDependencies.js:230:18)
    at async Promise.all (index 1)
 LOG  ❌ Socket disconnected: ping timeout
 LOG  ✅ Socket connected: rI49t5cAbzID3nCAAABR
Error: Unable to resolve module ./Libraries/Components/DatePicker/DatePickerIOS from /Users/roops/AutomationTestining/AutomationTesting/repos/bd34a47c-c099-4d36-ac61-810edfff31ca/node_modules/react-native/index.js: 

None of these files exist:
  * node_modules/react-native/Libraries/Components/DatePicker/DatePickerIOS(.native|.native.js|.js|.native.json|.json|.native.ts|.ts|.native.tsx|.tsx)
  * node_modules/react-native/Libraries/Components/DatePicker/DatePickerIOS/index(.native|.native.js|.js|.native.json|.json|.native.ts|.ts|.native.tsx|.tsx)
[0m [90m 15 |[39m [36mimport[39m [36mtypeof[39m [33mActivityIndicator[39m [36mfrom[39m [32m'./Libraries/Components/ActivityIndicator/ActivityIndicator'[39m[33m;[39m
 [90m 16 |[39m [36mimport[39m [36mtypeof[39m [33mButton[39m [36mfrom[39m [32m'./Libraries/Components/Button'[39m[33m;[39m
[31m[1m>[22m[39m[90m 17 |[39m [36mimport[39m [36mtypeof[39m [33mDatePickerIOS[39m [36mfrom[39m [32m'./Libraries/Components/DatePicker/DatePickerIOS'[39m[33m;[39m
 [90m    |[39m                                   [31m[1m^[22m[39m
 [90m 18 |[39m [36mimport[39m [36mtypeof[39m [33mDrawerLayoutAndroid[39m [36mfrom[39m [32m'./Libraries/Components/DrawerAndroid/DrawerLayoutAndroid'[39m[33m;[39m
 [90m 19 |[39m [36mimport[39m [36mtypeof[39m [33mFlatList[39m [36mfrom[39m [32m'./Libraries/Lists/FlatList'[39m[33m;[39m
 [90m 20 |[39m [36mimport[39m [36mtypeof[39m [33mImage[39m [36mfrom[39m [32m'./Libraries/Image/Image'[39m[33m;[39m[0m
    at ModuleResolver.resolveDependency (/Users/roops/AutomationTestining/AutomationTesting/repos/bd34a47c-c099-4d36-ac61-810edfff31ca/node_modules/metro/src/node-haste/DependencyGraph/ModuleResolution.js:136:15)
    at DependencyGraph.resolveDependency (/Users/roops/AutomationTestining/AutomationTesting/repos/bd34a47c-c099-4d36-ac61-810edfff31ca/node_modules/metro/src/node-haste/DependencyGraph.js:231:43)
    at Object.resolve (/Users/roops/AutomationTestining/AutomationTesting/repos/bd34a47c-c099-4d36-ac61-810edfff31ca/node_modules/metro/src/lib/transformHelpers.js:129:24)
    at resolve (/Users/roops/AutomationTestining/AutomationTesting/repos/bd34a47c-c099-4d36-ac61-810edfff31ca/node_modules/metro/src/DeltaBundler/traverseDependencies.js:396:33)
    at /Users/roops/AutomationTestining/AutomationTesting/repos/bd34a47c-c099-4d36-ac61-810edfff31ca/node_modules/metro/src/DeltaBundler/traverseDependencies.js:412:26
    at Array.reduce (<anonymous>)
    at resolveDependencies (/Users/roops/AutomationTestining/AutomationTesting/repos/bd34a47c-c099-4d36-ac61-810edfff31ca/node_modules/metro/src/DeltaBundler/traverseDependencies.js:411:33)
    at processModule (/Users/roops/AutomationTestining/AutomationTesting/repos/bd34a47c-c099-4d36-ac61-810edfff31ca/node_modules/metro/src/DeltaBundler/traverseDependencies.js:140:31)
    at async addDependency (/Users/roops/AutomationTestining/AutomationTesting/repos/bd34a47c-c099-4d36-ac61-810edfff31ca/node_modules/metro/src/DeltaBundler/traverseDependencies.js:230:18)
    at async Promise.all (index 1)
Error: Unable to resolve module ./Libraries/Components/DatePicker/DatePickerIOS from /Users/roops/AutomationTestining/AutomationTesting/repos/bd34a47c-c099-4d36-ac61-810edfff31ca/node_modules/react-native/index.js: 

None of these files exist:
  * node_modules/react-native/Libraries/Components/DatePicker/DatePickerIOS(.native|.native.js|.js|.native.json|.json|.native.ts|.ts|.native.tsx|.tsx)
  * node_modules/react-native/Libraries/Components/DatePicker/DatePickerIOS/index(.native|.native.js|.js|.native.json|.json|.native.ts|.ts|.native.tsx|.tsx)
[0m [90m 15 |[39m [36mimport[39m [36mtypeof[39m [33mActivityIndicator[39m [36mfrom[39m [32m'./Libraries/Components/ActivityIndicator/ActivityIndicator'[39m[33m;[39m
 [90m 16 |[39m [36mimport[39m [36mtypeof[39m [33mButton[39m [36mfrom[39m [32m'./Libraries/Components/Button'[39m[33m;[39m
[31m[1m>[22m[39m[90m 17 |[39m [36mimport[39m [36mtypeof[39m [33mDatePickerIOS[39m [36mfrom[39m [32m'./Libraries/Components/DatePicker/DatePickerIOS'[39m[33m;[39m
 [90m    |[39m                                   [31m[1m^[22m[39m
 [90m 18 |[39m [36mimport[39m [36mtypeof[39m [33mDrawerLayoutAndroid[39m [36mfrom[39m [32m'./Libraries/Components/DrawerAndroid/DrawerLayoutAndroid'[39m[33m;[39m
 [90m 19 |[39m [36mimport[39m [36mtypeof[39m [33mFlatList[39m [36mfrom[39m [32m'./Libraries/Lists/FlatList'[39m[33m;[39m
 [90m 20 |[39m [36mimport[39m [36mtypeof[39m [33mImage[39m [36mfrom[39m [32m'./Libraries/Image/Image'[39m[33m;[39m[0m
    at ModuleResolver.resolveDependency (/Users/roops/AutomationTestining/AutomationTesting/repos/bd34a47c-c099-4d36-ac61-810edfff31ca/node_modules/metro/src/node-haste/DependencyGraph/ModuleResolution.js:136:15)
    at DependencyGraph.resolveDependency (/Users/roops/AutomationTestining/AutomationTesting/repos/bd34a47c-c099-4d36-ac61-810edfff31ca/node_modules/metro/src/node-haste/DependencyGraph.js:231:43)
    at Object.resolve (/Users/roops/AutomationTestining/AutomationTesting/repos/bd34a47c-c099-4d36-ac61-810edfff31ca/node_modules/metro/src/lib/transformHelpers.js:129:24)
    at resolve (/Users/roops/AutomationTestining/AutomationTesting/repos/bd34a47c-c099-4d36-ac61-810edfff31ca/node_modules/metro/src/DeltaBundler/traverseDependencies.js:396:33)
    at /Users/roops/AutomationTestining/AutomationTesting/repos/bd34a47c-c099-4d36-ac61-810edfff31ca/node_modules/metro/src/DeltaBundler/traverseDependencies.js:412:26
    at Array.reduce (<anonymous>)
    at resolveDependencies (/Users/roops/AutomationTestining/AutomationTesting/repos/bd34a47c-c099-4d36-ac61-810edfff31ca/node_modules/metro/src/DeltaBundler/traverseDependencies.js:411:33)
    at processModule (/Users/roops/AutomationTestining/AutomationTesting/repos/bd34a47c-c099-4d36-ac61-810edfff31ca/node_modules/metro/src/DeltaBundler/traverseDependencies.js:140:31)
    at async addDependency (/Users/roops/AutomationTestining/AutomationTesting/repos/bd34a47c-c099-4d36-ac61-810edfff31ca/node_modules/metro/src/DeltaBundler/traverseDependencies.js:230:18)
    at async Promise.all (index 1)
Error: Unable to resolve module ./Libraries/Components/DatePicker/DatePickerIOS from /Users/roops/AutomationTestining/AutomationTesting/repos/bd34a47c-c099-4d36-ac61-810edfff31ca/node_modules/react-native/index.js: 

None of these files exist:
  * node_modules/react-native/Libraries/Components/DatePicker/DatePickerIOS(.native|.native.js|.js|.native.json|.json|.native.ts|.ts|.native.tsx|.tsx)
  * node_modules/react-native/Libraries/Components/DatePicker/DatePickerIOS/index(.native|.native.js|.js|.native.json|.json|.native.ts|.ts|.native.tsx|.tsx)
[0m [90m 15 |[39m [36mimport[39m [36mtypeof[39m [33mActivityIndicator[39m [36mfrom[39m [32m'./Libraries/Components/ActivityIndicator/ActivityIndicator'[39m[33m;[39m
 [90m 16 |[39m [36mimport[39m [36mtypeof[39m [33mButton[39m [36mfrom[39m [32m'./Libraries/Components/Button'[39m[33m;[39m
[31m[1m>[22m[39m[90m 17 |[39m [36mimport[39m [36mtypeof[39m [33mDatePickerIOS[39m [36mfrom[39m [32m'./Libraries/Components/DatePicker/DatePickerIOS'[39m[33m;[39m
 [90m    |[39m                                   [31m[1m^[22m[39m
 [90m 18 |[39m [36mimport[39m [36mtypeof[39m [33mDrawerLayoutAndroid[39m [36mfrom[39m [32m'./Libraries/Components/DrawerAndroid/DrawerLayoutAndroid'[39m[33m;[39m
 [90m 19 |[39m [36mimport[39m [36mtypeof[39m [33mFlatList[39m [36mfrom[39m [32m'./Libraries/Lists/FlatList'[39m[33m;[39m
 [90m 20 |[39m [36mimport[39m [36mtypeof[39m [33mImage[39m [36mfrom[39m [32m'./Libraries/Image/Image'[39m[33m;[39m[0m
    at ModuleResolver.resolveDependency (/Users/roops/AutomationTestining/AutomationTesting/repos/bd34a47c-c099-4d36-ac61-810edfff31ca/node_modules/metro/src/node-haste/DependencyGraph/ModuleResolution.js:136:15)
    at DependencyGraph.resolveDependency (/Users/roops/AutomationTestining/AutomationTesting/repos/bd34a47c-c099-4d36-ac61-810edfff31ca/node_modules/metro/src/node-haste/DependencyGraph.js:231:43)
    at Object.resolve (/Users/roops/AutomationTestining/AutomationTesting/repos/bd34a47c-c099-4d36-ac61-810edfff31ca/node_modules/metro/src/lib/transformHelpers.js:129:24)
    at resolve (/Users/roops/AutomationTestining/AutomationTesting/repos/bd34a47c-c099-4d36-ac61-810edfff31ca/node_modules/metro/src/DeltaBundler/traverseDependencies.js:396:33)
    at /Users/roops/AutomationTestining/AutomationTesting/repos/bd34a47c-c099-4d36-ac61-810edfff31ca/node_modules/metro/src/DeltaBundler/traverseDependencies.js:412:26
    at Array.reduce (<anonymous>)
    at resolveDependencies (/Users/roops/AutomationTestining/AutomationTesting/repos/bd34a47c-c099-4d36-ac61-810edfff31ca/node_modules/metro/src/DeltaBundler/traverseDependencies.js:411:33)
    at processModule (/Users/roops/AutomationTestining/AutomationTesting/repos/bd34a47c-c099-4d36-ac61-810edfff31ca/node_modules/metro/src/DeltaBundler/traverseDependencies.js:140:31)
    at async addDependency (/Users/roops/AutomationTestining/AutomationTesting/repos/bd34a47c-c099-4d36-ac61-810edfff31ca/node_modules/metro/src/DeltaBundler/traverseDependencies.js:230:18)
    at async Promise.all (index 1)
Error: Unable to resolve module ./Libraries/Components/DatePicker/DatePickerIOS from /Users/roops/AutomationTestining/AutomationTesting/repos/bd34a47c-c099-4d36-ac61-810edfff31ca/node_modules/react-native/index.js: 

None of these files exist:
  * node_modules/react-native/Libraries/Components/DatePicker/DatePickerIOS(.native|.native.js|.js|.native.json|.json|.native.ts|.ts|.native.tsx|.tsx)
  * node_modules/react-native/Libraries/Components/DatePicker/DatePickerIOS/index(.native|.native.js|.js|.native.json|.json|.native.ts|.ts|.native.tsx|.tsx)
[0m [90m 15 |[39m [36mimport[39m [36mtypeof[39m [33mActivityIndicator[39m [36mfrom[39m [32m'./Libraries/Components/ActivityIndicator/ActivityIndicator'[39m[33m;[39m
 [90m 16 |[39m [36mimport[39m [36mtypeof[39m [33mButton[39m [36mfrom[39m [32m'./Libraries/Components/Button'[39m[33m;[39m
[31m[1m>[22m[39m[90m 17 |[39m [36mimport[39m [36mtypeof[39m [33mDatePickerIOS[39m [36mfrom[39m [32m'./Libraries/Components/DatePicker/DatePickerIOS'[39m[33m;[39m
 [90m    |[39m                                   [31m[1m^[22m[39m
 [90m 18 |[39m [36mimport[39m [36mtypeof[39m [33mDrawerLayoutAndroid[39m [36mfrom[39m [32m'./Libraries/Components/DrawerAndroid/DrawerLayoutAndroid'[39m[33m;[39m
 [90m 19 |[39m [36mimport[39m [36mtypeof[39m [33mFlatList[39m [36mfrom[39m [32m'./Libraries/Lists/FlatList'[39m[33m;[39m
 [90m 20 |[39m [36mimport[39m [36mtypeof[39m [33mImage[39m [36mfrom[39m [32m'./Libraries/Image/Image'[39m[33m;[39m[0m
    at ModuleResolver.resolveDependency (/Users/roops/AutomationTestining/AutomationTesting/repos/bd34a47c-c099-4d36-ac61-810edfff31ca/node_modules/metro/src/node-haste/DependencyGraph/ModuleResolution.js:136:15)
    at DependencyGraph.resolveDependency (/Users/roops/AutomationTestining/AutomationTesting/repos/bd34a47c-c099-4d36-ac61-810edfff31ca/node_modules/metro/src/node-haste/DependencyGraph.js:231:43)
    at Object.resolve (/Users/roops/AutomationTestining/AutomationTesting/repos/bd34a47c-c099-4d36-ac61-810edfff31ca/node_modules/metro/src/lib/transformHelpers.js:129:24)
    at resolve (/Users/roops/AutomationTestining/AutomationTesting/repos/bd34a47c-c099-4d36-ac61-810edfff31ca/node_modules/metro/src/DeltaBundler/traverseDependencies.js:396:33)
    at /Users/roops/AutomationTestining/AutomationTesting/repos/bd34a47c-c099-4d36-ac61-810edfff31ca/node_modules/metro/src/DeltaBundler/traverseDependencies.js:412:26
    at Array.reduce (<anonymous>)
    at resolveDependencies (/Users/roops/AutomationTestining/AutomationTesting/repos/bd34a47c-c099-4d36-ac61-810edfff31ca/node_modules/metro/src/DeltaBundler/traverseDependencies.js:411:33)
    at processModule (/Users/roops/AutomationTestining/AutomationTesting/repos/bd34a47c-c099-4d36-ac61-810edfff31ca/node_modules/metro/src/DeltaBundler/traverseDependencies.js:140:31)
    at async addDependency (/Users/roops/AutomationTestining/AutomationTesting/repos/bd34a47c-c099-4d36-ac61-810edfff31ca/node_modules/metro/src/DeltaBundler/traverseDependencies.js:230:18)
    at async Promise.all (index 1)
 ERROR  Warning: Each child in a list should have a unique "key" prop.

Check the render method of `REVIEWS`. See https://reactjs.org/link/warning-keys for more information.
    in REVIEWS (at Store.js:575)
    in StaticContainer
    in EnsureSingleNavigator (at SceneView.tsx:124)
    in SceneView (at useDescriptors.tsx:218)
    in RCTView (at View.js:32)
    in View (at SceneView.tsx:77)
    in SceneView (at TabView.tsx:115)
    in RCTView (at View.js:32)
    in View (at utils.tsx:9)
    in LEGACY_RNCViewPager (at PagerView.tsx:175)
    in PagerViewInternal (at PagerView.tsx:233)
    in Unknown (at createAnimatedComponent.js:211)
    in AnimatedComponent (at createAnimatedComponent.js:264)
    in AnimatedComponentWrapper (at PagerViewAdapter.tsx:143)
    in PagerViewAdapter (at TabView.tsx:84)
    in RCTView (at View.js:32)
    in View (at TabView.tsx:83)
    in TabView (at MaterialTopTabView.tsx:47)
    in MaterialTopTabView (at createMaterialTopTabNavigator.tsx:136)
    in PreventRemoveProvider (at useNavigationBuilder.tsx:718)
    in NavigationContent (at useComponent.tsx:35)
    in Unknown (at createMaterialTopTabNavigator.tsx:135)
    in MaterialTopTabNavigator (at Store.js:488)
    in RCTView (at View.js:32)
    in View (at createAnimatedComponent.js:211)
    in AnimatedComponent (at createAnimatedComponent.js:264)
    in AnimatedComponentWrapper (at HeaderScrollImage/index.js:115)
    in RCTView (at View.js:32)
    in View (at HeaderScrollImage/index.js:101)
    in Test (at Store.js:391)
    in RCTView (at View.js:32)
    in View (at Store.js:390)
    in RCTView (at View.js:32)
    in View (at Store.js:360)
    in Store (created by Connect(Store))
    in Connect(Store) (at SceneView.tsx:132)
    in StaticContainer
    in EnsureSingleNavigator (at SceneView.tsx:124)
    in SceneView (at useDescriptors.tsx:218)
    in RCTView (at View.js:32)
    in View (at CardContainer.tsx:281)
    in RCTView (at View.js:32)
    in View (at CardContainer.tsx:279)
    in RCTView (at View.js:32)
    in View (at CardSheet.tsx:45)
    in CardSheet (at Card.tsx:563)
    in RCTView (at View.js:32)
    in View (at createAnimatedComponent.js:211)
    in AnimatedComponent (at createAnimatedComponent.js:264)
    in AnimatedComponentWrapper (at Card.tsx:542)
    in PanGestureHandler (at GestureHandlerNative.tsx:14)
    in PanGestureHandler (at Card.tsx:536)
    in RCTView (at View.js:32)
    in View (at createAnimatedComponent.js:211)
    in AnimatedComponent (at createAnimatedComponent.js:264)
    in AnimatedComponentWrapper (at Card.tsx:532)
    in RCTView (at View.js:32)
    in View (at Card.tsx:520)
    in Card (at CardContainer.tsx:219)
    in CardContainer (at CardStack.tsx:673)
    in RCTView (at View.js:32)
    in View (at createAnimatedComponent.js:211)
    in AnimatedComponent (at createAnimatedComponent.js:264)
    in AnimatedComponentWrapper (at src/index.native.tsx:114)
    in Screen (at Screens.tsx:38)
    in MaybeScreen (at CardStack.tsx:665)
    in RCTView (at View.js:32)
    in View (at src/index.native.tsx:145)
    in ScreenContainer (at Screens.tsx:20)
    in MaybeScreenContainer (at CardStack.tsx:572)
    in RCTView (at View.js:32)
    in View (at Background.tsx:13)
    in Background (at CardStack.tsx:570)
    in CardStack (at StackView.tsx:437)
    in RCTView (at View.js:32)
    in View (at SafeAreaProviderCompat.tsx:43)
    in SafeAreaProviderCompat (at StackView.tsx:430)
    in RCTView (at View.js:32)
    in View (at GestureHandlerRootView.tsx:17)
    in GestureHandlerRootView (at StackView.tsx:429)
    in StackView (at createStackNavigator.tsx:121)
    in PreventRemoveProvider (at useNavigationBuilder.tsx:718)
    in NavigationContent (at useComponent.tsx:35)
    in Unknown (at createStackNavigator.tsx:120)
    in StackNavigator (at StackNavigator.js:162)
    in RCTView (at View.js:32)
    in View (at createAnimatedComponent.tsx:688)
    in AnimatedComponent(View) (at createAnimatedComponent.tsx:699)
    in Unknown (at StackNavigator.js:160)
    in StackNavigator (created by Connect(StackNavigator))
    in Connect(StackNavigator) (at Navigation.js:51)
    in StaticContainer
    in EnsureSingleNavigator (at SceneView.tsx:124)
    in SceneView (at useDescriptors.tsx:218)
    in RCTView (at View.js:32)
    in View (at Screen.tsx:63)
    in RCTView (at View.js:32)
    in View (at Background.tsx:13)
    in Background (at Screen.tsx:58)
    in Screen (at DrawerView.tsx:234)
    in RCTView (at View.js:32)
    in View (at ResourceSavingView.tsx:42)
    in RCTView (at View.js:32)
    in View (at ResourceSavingView.tsx:37)
    in ResourceSavingScene (at ScreenFallback.tsx:46)
    in MaybeScreen (at DrawerView.tsx:227)
    in RCTView (at View.js:32)
    in View (at ScreenFallback.tsx:33)
    in MaybeScreenContainer (at DrawerView.tsx:188)
    in RCTView (at View.js:32)
    in View (at Drawer.tsx:366)
    in RCTView (at View.js:32)
    in View (at createAnimatedComponent.tsx:688)
    in AnimatedComponent(View) (at createAnimatedComponent.tsx:699)
    in Unknown (at Drawer.tsx:365)
    in RCTView (at View.js:32)
    in View (at createAnimatedComponent.tsx:688)
    in AnimatedComponent(View) (at createAnimatedComponent.tsx:699)
    in Unknown (at Drawer.tsx:356)
    in PanGestureHandler (at GestureHandlerNative.tsx:14)
    in PanGestureHandler (at Drawer.tsx:347)
    in Drawer (at DrawerView.tsx:261)
    in DrawerViewBase (at DrawerView.tsx:306)
    in RCTView (at View.js:32)
    in View (at GestureHandlerRootView.tsx:17)
    in GestureHandlerRootView (at DrawerView.tsx:305)
    in RCTView (at View.js:32)
    in View (at SafeAreaProviderCompat.tsx:43)
    in SafeAreaProviderCompat (at DrawerView.tsx:304)
    in DrawerView (at createDrawerNavigator.tsx:128)
    in PreventRemoveProvider (at useNavigationBuilder.tsx:718)
    in NavigationContent (at useComponent.tsx:35)
    in Unknown (at createDrawerNavigator.tsx:127)
    in DrawerNavigator (at Navigation.js:31)
    in EnsureSingleNavigator (at BaseNavigationContainer.tsx:433)
    in BaseNavigationContainer (at NavigationContainer.tsx:132)
    in ThemeProvider (at NavigationContainer.tsx:131)
    in NavigationContainerInner (at Navigation.js:30)
    in Navigation (at RootContainer.js:138)
    in RCTView (at View.js:32)
    in View (at RootContainer.js:127)
    in RootContainer (created by Connect(RootContainer))
    in Connect(RootContainer) (at App.js:76)
    in ThemeProvider (at PaperProvider.tsx:112)
    in RCTView (at View.js:32)
    in View (at PortalHost.tsx:126)
    in Portal.Host (at PaperProvider.tsx:104)
    in RCTView (at View.js:32)
    in View (at SafeAreaProviderCompat.tsx:46)
    in SafeAreaProviderCompat (at PaperProvider.tsx:103)
    in PaperProvider (at App.js:75)
    in StripeProvider (at App.js:74)
    in Provider (at App.js:73)
    in RNCSafeAreaProvider (at SafeAreaContext.tsx:76)
    in SafeAreaProvider (at App.js:72)
    in App (at renderApplication.js:50)
    in RCTView (at View.js:32)
    in View (at AppContainer.js:92)
    in RCTView (at View.js:32)
    in View (at AppContainer.js:119)
    in AppContainer (at renderApplication.js:43)
    in vyaconsumer(RootComponent) (at renderApplication.js:60)
 ERROR  Warning: Each child in a list should have a unique "key" prop.

Check the render method of `ReportReview`. See https://reactjs.org/link/warning-keys for more information.
TouchableOpacity
    in ReportReview (at Store.js:2349)
    in RCTView (at View.js:32)
    in View (at Store.js:2348)
    in RCTView (at View.js:32)
    in View (at Store.js:2347)
    in REVIEWS (at Store.js:575)
    in StaticContainer
    in EnsureSingleNavigator (at SceneView.tsx:124)
    in SceneView (at useDescriptors.tsx:218)
    in RCTView (at View.js:32)
    in View (at SceneView.tsx:77)
    in SceneView (at TabView.tsx:115)
    in RCTView (at View.js:32)
    in View (at utils.tsx:9)
    in LEGACY_RNCViewPager (at PagerView.tsx:175)
    in PagerViewInternal (at PagerView.tsx:233)
    in Unknown (at createAnimatedComponent.js:211)
    in AnimatedComponent (at createAnimatedComponent.js:264)
    in AnimatedComponentWrapper (at PagerViewAdapter.tsx:143)
    in PagerViewAdapter (at TabView.tsx:84)
    in RCTView (at View.js:32)
    in View (at TabView.tsx:83)
    in TabView (at MaterialTopTabView.tsx:47)
    in MaterialTopTabView (at createMaterialTopTabNavigator.tsx:136)
    in PreventRemoveProvider (at useNavigationBuilder.tsx:718)
    in NavigationContent (at useComponent.tsx:35)
    in Unknown (at createMaterialTopTabNavigator.tsx:135)
    in MaterialTopTabNavigator (at Store.js:488)
    in RCTView (at View.js:32)
    in View (at createAnimatedComponent.js:211)
    in AnimatedComponent (at createAnimatedComponent.js:264)
    in AnimatedComponentWrapper (at HeaderScrollImage/index.js:115)
    in RCTView (at View.js:32)
    in View (at HeaderScrollImage/index.js:101)
    in Test (at Store.js:391)
    in RCTView (at View.js:32)
    in View (at Store.js:390)
    in RCTView (at View.js:32)
    in View (at Store.js:360)
    in Store (created by Connect(Store))
    in Connect(Store) (at SceneView.tsx:132)
    in StaticContainer
    in EnsureSingleNavigator (at SceneView.tsx:124)
    in SceneView (at useDescriptors.tsx:218)
    in RCTView (at View.js:32)
    in View (at CardContainer.tsx:281)
    in RCTView (at View.js:32)
    in View (at CardContainer.tsx:279)
    in RCTView (at View.js:32)
    in View (at CardSheet.tsx:45)
    in CardSheet (at Card.tsx:563)
    in RCTView (at View.js:32)
    in View (at createAnimatedComponent.js:211)
    in AnimatedComponent (at createAnimatedComponent.js:264)
    in AnimatedComponentWrapper (at Card.tsx:542)
    in PanGestureHandler (at GestureHandlerNative.tsx:14)
    in PanGestureHandler (at Card.tsx:536)
    in RCTView (at View.js:32)
    in View (at createAnimatedComponent.js:211)
    in AnimatedComponent (at createAnimatedComponent.js:264)
    in AnimatedComponentWrapper (at Card.tsx:532)
    in RCTView (at View.js:32)
    in View (at Card.tsx:520)
    in Card (at CardContainer.tsx:219)
    in CardContainer (at CardStack.tsx:673)
    in RCTView (at View.js:32)
    in View (at createAnimatedComponent.js:211)
    in AnimatedComponent (at createAnimatedComponent.js:264)
    in AnimatedComponentWrapper (at src/index.native.tsx:114)
    in Screen (at Screens.tsx:38)
    in MaybeScreen (at CardStack.tsx:665)
    in RCTView (at View.js:32)
    in View (at src/index.native.tsx:145)
    in ScreenContainer (at Screens.tsx:20)
    in MaybeScreenContainer (at CardStack.tsx:572)
    in RCTView (at View.js:32)
    in View (at Background.tsx:13)
    in Background (at CardStack.tsx:570)
    in CardStack (at StackView.tsx:437)
    in RCTView (at View.js:32)
    in View (at SafeAreaProviderCompat.tsx:43)
    in SafeAreaProviderCompat (at StackView.tsx:430)
    in RCTView (at View.js:32)
    in View (at GestureHandlerRootView.tsx:17)
    in GestureHandlerRootView (at StackView.tsx:429)
    in StackView (at createStackNavigator.tsx:121)
    in PreventRemoveProvider (at useNavigationBuilder.tsx:718)
    in NavigationContent (at useComponent.tsx:35)
    in Unknown (at createStackNavigator.tsx:120)
    in StackNavigator (at StackNavigator.js:162)
    in RCTView (at View.js:32)
    in View (at createAnimatedComponent.tsx:688)
    in AnimatedComponent(View) (at createAnimatedComponent.tsx:699)
    in Unknown (at StackNavigator.js:160)
    in StackNavigator (created by Connect(StackNavigator))
    in Connect(StackNavigator) (at Navigation.js:51)
    in StaticContainer
    in EnsureSingleNavigator (at SceneView.tsx:124)
    in SceneView (at useDescriptors.tsx:218)
    in RCTView (at View.js:32)
    in View (at Screen.tsx:63)
    in RCTView (at View.js:32)
    in View (at Background.tsx:13)
    in Background (at Screen.tsx:58)
    in Screen (at DrawerView.tsx:234)
    in RCTView (at View.js:32)
    in View (at ResourceSavingView.tsx:42)
    in RCTView (at View.js:32)
    in View (at ResourceSavingView.tsx:37)
    in ResourceSavingScene (at ScreenFallback.tsx:46)
    in MaybeScreen (at DrawerView.tsx:227)
    in RCTView (at View.js:32)
    in View (at ScreenFallback.tsx:33)
    in MaybeScreenContainer (at DrawerView.tsx:188)
    in RCTView (at View.js:32)
    in View (at Drawer.tsx:366)
    in RCTView (at View.js:32)
    in View (at createAnimatedComponent.tsx:688)
    in AnimatedComponent(View) (at createAnimatedComponent.tsx:699)
    in Unknown (at Drawer.tsx:365)
    in RCTView (at View.js:32)
    in View (at createAnimatedComponent.tsx:688)
    in AnimatedComponent(View) (at createAnimatedComponent.tsx:699)
    in Unknown (at Drawer.tsx:356)
    in PanGestureHandler (at GestureHandlerNative.tsx:14)
    in PanGestureHandler (at Drawer.tsx:347)
    in Drawer (at DrawerView.tsx:261)
    in DrawerViewBase (at DrawerView.tsx:306)
    in RCTView (at View.js:32)
    in View (at GestureHandlerRootView.tsx:17)
    in GestureHandlerRootView (at DrawerView.tsx:305)
    in RCTView (at View.js:32)
    in View (at SafeAreaProviderCompat.tsx:43)
    in SafeAreaProviderCompat (at DrawerView.tsx:304)
    in DrawerView (at createDrawerNavigator.tsx:128)
    in PreventRemoveProvider (at useNavigationBuilder.tsx:718)
    in NavigationContent (at useComponent.tsx:35)
    in Unknown (at createDrawerNavigator.tsx:127)
    in DrawerNavigator (at Navigation.js:31)
    in EnsureSingleNavigator (at BaseNavigationContainer.tsx:433)
    in BaseNavigationContainer (at NavigationContainer.tsx:132)
    in ThemeProvider (at NavigationContainer.tsx:131)
    in NavigationContainerInner (at Navigation.js:30)
    in Navigation (at RootContainer.js:138)
    in RCTView (at View.js:32)
    in View (at RootContainer.js:127)
    in RootContainer (created by Connect(RootContainer))
    in Connect(RootContainer) (at App.js:76)
    in ThemeProvider (at PaperProvider.tsx:112)
    in RCTView (at View.js:32)
    in View (at PortalHost.tsx:126)
    in Portal.Host (at PaperProvider.tsx:104)
    in RCTView (at View.js:32)
    in View (at SafeAreaProviderCompat.tsx:46)
    in SafeAreaProviderCompat (at PaperProvider.tsx:103)
    in PaperProvider (at App.js:75)
    in StripeProvider (at App.js:74)
    in Provider (at App.js:73)
    in RNCSafeAreaProvider (at SafeAreaContext.tsx:76)
    in SafeAreaProvider (at App.js:72)
    in App (at renderApplication.js:50)
    in RCTView (at View.js:32)
    in View (at AppContainer.js:92)
    in RCTView (at View.js:32)
    in View (at AppContainer.js:119)
    in AppContainer (at renderApplication.js:43)
    in vyaconsumer(RootComponent) (at renderApplication.js:60)
 ERROR  TypeError: undefined is not an object (evaluating 'props.data.split')

This error is located at:
    in SERVICE (at Store.js:566)
    in StaticContainer
    in EnsureSingleNavigator (at SceneView.tsx:124)
    in SceneView (at useDescriptors.tsx:218)
    in RCTView (at View.js:32)
    in View (at SceneView.tsx:77)
    in SceneView (at TabView.tsx:115)
    in RCTView (at View.js:32)
    in View (at utils.tsx:9)
    in LEGACY_RNCViewPager (at PagerView.tsx:175)
    in PagerViewInternal (at PagerView.tsx:233)
    in Unknown (at createAnimatedComponent.js:211)
    in AnimatedComponent (at createAnimatedComponent.js:264)
    in AnimatedComponentWrapper (at PagerViewAdapter.tsx:143)
    in PagerViewAdapter (at TabView.tsx:84)
    in RCTView (at View.js:32)
    in View (at TabView.tsx:83)
    in TabView (at MaterialTopTabView.tsx:47)
    in MaterialTopTabView (at createMaterialTopTabNavigator.tsx:136)
    in PreventRemoveProvider (at useNavigationBuilder.tsx:718)
    in NavigationContent (at useComponent.tsx:35)
    in Unknown (at createMaterialTopTabNavigator.tsx:135)
    in MaterialTopTabNavigator (at Store.js:488)
    in RCTView (at View.js:32)
    in View (at createAnimatedComponent.js:211)
    in AnimatedComponent (at createAnimatedComponent.js:264)
    in AnimatedComponentWrapper (at HeaderScrollImage/index.js:115)
    in RCTView (at View.js:32)
    in View (at HeaderScrollImage/index.js:101)
    in Test (at Store.js:391)
    in RCTView (at View.js:32)
    in View (at Store.js:390)
    in RCTView (at View.js:32)
    in View (at Store.js:360)
    in Store (created by Connect(Store))
    in Connect(Store) (at SceneView.tsx:132)
    in StaticContainer
    in EnsureSingleNavigator (at SceneView.tsx:124)
    in SceneView (at useDescriptors.tsx:218)
    in RCTView (at View.js:32)
    in View (at CardContainer.tsx:281)
    in RCTView (at View.js:32)
    in View (at CardContainer.tsx:279)
    in RCTView (at View.js:32)
    in View (at CardSheet.tsx:45)
    in CardSheet (at Card.tsx:563)
    in RCTView (at View.js:32)
    in View (at createAnimatedComponent.js:211)
    in AnimatedComponent (at createAnimatedComponent.js:264)
    in AnimatedComponentWrapper (at Card.tsx:542)
    in PanGestureHandler (at GestureHandlerNative.tsx:14)
    in PanGestureHandler (at Card.tsx:536)
    in RCTView (at View.js:32)
    in View (at createAnimatedComponent.js:211)
    in AnimatedComponent (at createAnimatedComponent.js:264)
    in AnimatedComponentWrapper (at Card.tsx:532)
    in RCTView (at View.js:32)
    in View (at Card.tsx:520)
    in Card (at CardContainer.tsx:219)
    in CardContainer (at CardStack.tsx:673)
    in RCTView (at View.js:32)
    in View (at createAnimatedComponent.js:211)
    in AnimatedComponent (at createAnimatedComponent.js:264)
    in AnimatedComponentWrapper (at src/index.native.tsx:114)
    in Screen (at Screens.tsx:38)
    in MaybeScreen (at CardStack.tsx:665)
    in RCTView (at View.js:32)
    in View (at src/index.native.tsx:145)
    in ScreenContainer (at Screens.tsx:20)
    in MaybeScreenContainer (at CardStack.tsx:572)
    in RCTView (at View.js:32)
    in View (at Background.tsx:13)
    in Background (at CardStack.tsx:570)
    in CardStack (at StackView.tsx:437)
    in RCTView (at View.js:32)
    in View (at SafeAreaProviderCompat.tsx:43)
    in SafeAreaProviderCompat (at StackView.tsx:430)
    in RCTView (at View.js:32)
    in View (at GestureHandlerRootView.tsx:17)
    in GestureHandlerRootView (at StackView.tsx:429)
    in StackView (at createStackNavigator.tsx:121)
    in PreventRemoveProvider (at useNavigationBuilder.tsx:718)
    in NavigationContent (at useComponent.tsx:35)
    in Unknown (at createStackNavigator.tsx:120)
    in StackNavigator (at StackNavigator.js:162)
    in RCTView (at View.js:32)
    in View (at createAnimatedComponent.tsx:688)
    in AnimatedComponent(View) (at createAnimatedComponent.tsx:699)
    in Unknown (at StackNavigator.js:160)
    in StackNavigator (created by Connect(StackNavigator))
    in Connect(StackNavigator) (at Navigation.js:51)
    in StaticContainer
    in EnsureSingleNavigator (at SceneView.tsx:124)
    in SceneView (at useDescriptors.tsx:218)
    in RCTView (at View.js:32)
    in View (at Screen.tsx:63)
    in RCTView (at View.js:32)
    in View (at Background.tsx:13)
    in Background (at Screen.tsx:58)
    in Screen (at DrawerView.tsx:234)
    in RCTView (at View.js:32)
    in View (at ResourceSavingView.tsx:42)
    in RCTView (at View.js:32)
    in View (at ResourceSavingView.tsx:37)
    in ResourceSavingScene (at ScreenFallback.tsx:46)
    in MaybeScreen (at DrawerView.tsx:227)
    in RCTView (at View.js:32)
    in View (at ScreenFallback.tsx:33)
    in MaybeScreenContainer (at DrawerView.tsx:188)
    in RCTView (at View.js:32)
    in View (at Drawer.tsx:366)
    in RCTView (at View.js:32)
    in View (at createAnimatedComponent.tsx:688)
    in AnimatedComponent(View) (at createAnimatedComponent.tsx:699)
    in Unknown (at Drawer.tsx:365)
    in RCTView (at View.js:32)
    in View (at createAnimatedComponent.tsx:688)
    in AnimatedComponent(View) (at createAnimatedComponent.tsx:699)
    in Unknown (at Drawer.tsx:356)
    in PanGestureHandler (at GestureHandlerNative.tsx:14)
    in PanGestureHandler (at Drawer.tsx:347)
    in Drawer (at DrawerView.tsx:261)
    in DrawerViewBase (at DrawerView.tsx:306)
    in RCTView (at View.js:32)
    in View (at GestureHandlerRootView.tsx:17)
    in GestureHandlerRootView (at DrawerView.tsx:305)
    in RCTView (at View.js:32)
    in View (at SafeAreaProviderCompat.tsx:43)
    in SafeAreaProviderCompat (at DrawerView.tsx:304)
    in DrawerView (at createDrawerNavigator.tsx:128)
    in PreventRemoveProvider (at useNavigationBuilder.tsx:718)
    in NavigationContent (at useComponent.tsx:35)
    in Unknown (at createDrawerNavigator.tsx:127)
    in DrawerNavigator (at Navigation.js:31)
    in EnsureSingleNavigator (at BaseNavigationContainer.tsx:433)
    in BaseNavigationContainer (at NavigationContainer.tsx:132)
    in ThemeProvider (at NavigationContainer.tsx:131)
    in NavigationContainerInner (at Navigation.js:30)
    in Navigation (at RootContainer.js:138)
    in RCTView (at View.js:32)
    in View (at RootContainer.js:127)
    in RootContainer (created by Connect(RootContainer))
    in Connect(RootContainer) (at App.js:76)
    in ThemeProvider (at PaperProvider.tsx:112)
    in RCTView (at View.js:32)
    in View (at PortalHost.tsx:126)
    in Portal.Host (at PaperProvider.tsx:104)
    in RCTView (at View.js:32)
    in View (at SafeAreaProviderCompat.tsx:46)
    in SafeAreaProviderCompat (at PaperProvider.tsx:103)
    in PaperProvider (at App.js:75)
    in StripeProvider (at App.js:74)
    in Provider (at App.js:73)
    in RNCSafeAreaProvider (at SafeAreaContext.tsx:76)
    in SafeAreaProvider (at App.js:72)
    in App (at renderApplication.js:50)
    in RCTView (at View.js:32)
    in View (at AppContainer.js:92)
    in RCTView (at View.js:32)
    in View (at AppContainer.js:119)
    in AppContainer (at renderApplication.js:43)
    in vyaconsumer(RootComponent) (at renderApplication.js:60)
 ERROR  TypeError: undefined is not an object (evaluating 'props.data.split')

This error is located at:
    in SERVICE (at Store.js:566)
    in StaticContainer
    in EnsureSingleNavigator (at SceneView.tsx:124)
    in SceneView (at useDescriptors.tsx:218)
    in RCTView (at View.js:32)
    in View (at SceneView.tsx:77)
    in SceneView (at TabView.tsx:115)
    in RCTView (at View.js:32)
    in View (at utils.tsx:9)
    in LEGACY_RNCViewPager (at PagerView.tsx:175)
    in PagerViewInternal (at PagerView.tsx:233)
    in Unknown (at createAnimatedComponent.js:211)
    in AnimatedComponent (at createAnimatedComponent.js:264)
    in AnimatedComponentWrapper (at PagerViewAdapter.tsx:143)
    in PagerViewAdapter (at TabView.tsx:84)
    in RCTView (at View.js:32)
    in View (at TabView.tsx:83)
    in TabView (at MaterialTopTabView.tsx:47)
    in MaterialTopTabView (at createMaterialTopTabNavigator.tsx:136)
    in PreventRemoveProvider (at useNavigationBuilder.tsx:718)
    in NavigationContent (at useComponent.tsx:35)
    in Unknown (at createMaterialTopTabNavigator.tsx:135)
    in MaterialTopTabNavigator (at Store.js:488)
    in RCTView (at View.js:32)
    in View (at createAnimatedComponent.js:211)
    in AnimatedComponent (at createAnimatedComponent.js:264)
    in AnimatedComponentWrapper (at HeaderScrollImage/index.js:115)
    in RCTView (at View.js:32)
    in View (at HeaderScrollImage/index.js:101)
    in Test (at Store.js:391)
    in RCTView (at View.js:32)
    in View (at Store.js:390)
    in RCTView (at View.js:32)
    in View (at Store.js:360)
    in Store (created by Connect(Store))
    in Connect(Store) (at SceneView.tsx:132)
    in StaticContainer
    in EnsureSingleNavigator (at SceneView.tsx:124)
    in SceneView (at useDescriptors.tsx:218)
    in RCTView (at View.js:32)
    in View (at CardContainer.tsx:281)
    in RCTView (at View.js:32)
    in View (at CardContainer.tsx:279)
    in RCTView (at View.js:32)
    in View (at CardSheet.tsx:45)
    in CardSheet (at Card.tsx:563)
    in RCTView (at View.js:32)
    in View (at createAnimatedComponent.js:211)
    in AnimatedComponent (at createAnimatedComponent.js:264)
    in AnimatedComponentWrapper (at Card.tsx:542)
    in PanGestureHandler (at GestureHandlerNative.tsx:14)
    in PanGestureHandler (at Card.tsx:536)
    in RCTView (at View.js:32)
    in View (at createAnimatedComponent.js:211)
    in AnimatedComponent (at createAnimatedComponent.js:264)
    in AnimatedComponentWrapper (at Card.tsx:532)
    in RCTView (at View.js:32)
    in View (at Card.tsx:520)
    in Card (at CardContainer.tsx:219)
    in CardContainer (at CardStack.tsx:673)
    in RCTView (at View.js:32)
    in View (at createAnimatedComponent.js:211)
    in AnimatedComponent (at createAnimatedComponent.js:264)
    in AnimatedComponentWrapper (at src/index.native.tsx:114)
    in Screen (at Screens.tsx:38)
    in MaybeScreen (at CardStack.tsx:665)
    in RCTView (at View.js:32)
    in View (at src/index.native.tsx:145)
    in ScreenContainer (at Screens.tsx:20)
    in MaybeScreenContainer (at CardStack.tsx:572)
    in RCTView (at View.js:32)
    in View (at Background.tsx:13)
    in Background (at CardStack.tsx:570)
    in CardStack (at StackView.tsx:437)
    in RCTView (at View.js:32)
    in View (at SafeAreaProviderCompat.tsx:43)
    in SafeAreaProviderCompat (at StackView.tsx:430)
    in RCTView (at View.js:32)
    in View (at GestureHandlerRootView.tsx:17)
    in GestureHandlerRootView (at StackView.tsx:429)
    in StackView (at createStackNavigator.tsx:121)
    in PreventRemoveProvider (at useNavigationBuilder.tsx:718)
    in NavigationContent (at useComponent.tsx:35)
    in Unknown (at createStackNavigator.tsx:120)
    in StackNavigator (at StackNavigator.js:162)
    in RCTView (at View.js:32)
    in View (at createAnimatedComponent.tsx:688)
    in AnimatedComponent(View) (at createAnimatedComponent.tsx:699)
    in Unknown (at StackNavigator.js:160)
    in StackNavigator (created by Connect(StackNavigator))
    in Connect(StackNavigator) (at Navigation.js:51)
    in StaticContainer
    in EnsureSingleNavigator (at SceneView.tsx:124)
    in SceneView (at useDescriptors.tsx:218)
    in RCTView (at View.js:32)
    in View (at Screen.tsx:63)
    in RCTView (at View.js:32)
    in View (at Background.tsx:13)
    in Background (at Screen.tsx:58)
    in Screen (at DrawerView.tsx:234)
    in RCTView (at View.js:32)
    in View (at ResourceSavingView.tsx:42)
    in RCTView (at View.js:32)
    in View (at ResourceSavingView.tsx:37)
    in ResourceSavingScene (at ScreenFallback.tsx:46)
    in MaybeScreen (at DrawerView.tsx:227)
    in RCTView (at View.js:32)
    in View (at ScreenFallback.tsx:33)
    in MaybeScreenContainer (at DrawerView.tsx:188)
    in RCTView (at View.js:32)
    in View (at Drawer.tsx:366)
    in RCTView (at View.js:32)
    in View (at createAnimatedComponent.tsx:688)
    in AnimatedComponent(View) (at createAnimatedComponent.tsx:699)
    in Unknown (at Drawer.tsx:365)
    in RCTView (at View.js:32)
    in View (at createAnimatedComponent.tsx:688)
    in AnimatedComponent(View) (at createAnimatedComponent.tsx:699)
    in Unknown (at Drawer.tsx:356)
    in PanGestureHandler (at GestureHandlerNative.tsx:14)
    in PanGestureHandler (at Drawer.tsx:347)
    in Drawer (at DrawerView.tsx:261)
    in DrawerViewBase (at DrawerView.tsx:306)
    in RCTView (at View.js:32)
    in View (at GestureHandlerRootView.tsx:17)
    in GestureHandlerRootView (at DrawerView.tsx:305)
    in RCTView (at View.js:32)
    in View (at SafeAreaProviderCompat.tsx:43)
    in SafeAreaProviderCompat (at DrawerView.tsx:304)
    in DrawerView (at createDrawerNavigator.tsx:128)
    in PreventRemoveProvider (at useNavigationBuilder.tsx:718)
    in NavigationContent (at useComponent.tsx:35)
    in Unknown (at createDrawerNavigator.tsx:127)
    in DrawerNavigator (at Navigation.js:31)
    in EnsureSingleNavigator (at BaseNavigationContainer.tsx:433)
    in BaseNavigationContainer (at NavigationContainer.tsx:132)
    in ThemeProvider (at NavigationContainer.tsx:131)
    in NavigationContainerInner (at Navigation.js:30)
    in Navigation (at RootContainer.js:138)
    in RCTView (at View.js:32)
    in View (at RootContainer.js:127)
    in RootContainer (created by Connect(RootContainer))
    in Connect(RootContainer) (at App.js:76)
    in ThemeProvider (at PaperProvider.tsx:112)
    in RCTView (at View.js:32)
    in View (at PortalHost.tsx:126)
    in Portal.Host (at PaperProvider.tsx:104)
    in RCTView (at View.js:32)
    in View (at SafeAreaProviderCompat.tsx:46)
    in SafeAreaProviderCompat (at PaperProvider.tsx:103)
    in PaperProvider (at App.js:75)
    in StripeProvider (at App.js:74)
    in Provider (at App.js:73)
    in RNCSafeAreaProvider (at SafeAreaContext.tsx:76)
    in SafeAreaProvider (at App.js:72)
    in App (at renderApplication.js:50)
    in RCTView (at View.js:32)
    in View (at AppContainer.js:92)
    in RCTView (at View.js:32)
    in View (at AppContainer.js:119)
    in AppContainer (at renderApplication.js:43)
    in vyaconsumer(RootComponent) (at renderApplication.js:60)
Error: Unable to resolve module ./Libraries/Components/DatePicker/DatePickerIOS from /Users/roops/AutomationTestining/AutomationTesting/repos/bd34a47c-c099-4d36-ac61-810edfff31ca/node_modules/react-native/index.js: 

None of these files exist:
  * node_modules/react-native/Libraries/Components/DatePicker/DatePickerIOS(.native|.native.js|.js|.native.json|.json|.native.ts|.ts|.native.tsx|.tsx)
  * node_modules/react-native/Libraries/Components/DatePicker/DatePickerIOS/index(.native|.native.js|.js|.native.json|.json|.native.ts|.ts|.native.tsx|.tsx)
[0m [90m 15 |[39m [36mimport[39m [36mtypeof[39m [33mActivityIndicator[39m [36mfrom[39m [32m'./Libraries/Components/ActivityIndicator/ActivityIndicator'[39m[33m;[39m
 [90m 16 |[39m [36mimport[39m [36mtypeof[39m [33mButton[39m [36mfrom[39m [32m'./Libraries/Components/Button'[39m[33m;[39m
[31m[1m>[22m[39m[90m 17 |[39m [36mimport[39m [36mtypeof[39m [33mDatePickerIOS[39m [36mfrom[39m [32m'./Libraries/Components/DatePicker/DatePickerIOS'[39m[33m;[39m
 [90m    |[39m                                   [31m[1m^[22m[39m
 [90m 18 |[39m [36mimport[39m [36mtypeof[39m [33mDrawerLayoutAndroid[39m [36mfrom[39m [32m'./Libraries/Components/DrawerAndroid/DrawerLayoutAndroid'[39m[33m;[39m
 [90m 19 |[39m [36mimport[39m [36mtypeof[39m [33mFlatList[39m [36mfrom[39m [32m'./Libraries/Lists/FlatList'[39m[33m;[39m
 [90m 20 |[39m [36mimport[39m [36mtypeof[39m [33mImage[39m [36mfrom[39m [32m'./Libraries/Image/Image'[39m[33m;[39m[0m
    at ModuleResolver.resolveDependency (/Users/roops/AutomationTestining/AutomationTesting/repos/bd34a47c-c099-4d36-ac61-810edfff31ca/node_modules/metro/src/node-haste/DependencyGraph/ModuleResolution.js:136:15)
    at DependencyGraph.resolveDependency (/Users/roops/AutomationTestining/AutomationTesting/repos/bd34a47c-c099-4d36-ac61-810edfff31ca/node_modules/metro/src/node-haste/DependencyGraph.js:231:43)
    at Object.resolve (/Users/roops/AutomationTestining/AutomationTesting/repos/bd34a47c-c099-4d36-ac61-810edfff31ca/node_modules/metro/src/lib/transformHelpers.js:129:24)
    at resolve (/Users/roops/AutomationTestining/AutomationTesting/repos/bd34a47c-c099-4d36-ac61-810edfff31ca/node_modules/metro/src/DeltaBundler/traverseDependencies.js:396:33)
    at /Users/roops/AutomationTestining/AutomationTesting/repos/bd34a47c-c099-4d36-ac61-810edfff31ca/node_modules/metro/src/DeltaBundler/traverseDependencies.js:412:26
    at Array.reduce (<anonymous>)
    at resolveDependencies (/Users/roops/AutomationTestining/AutomationTesting/repos/bd34a47c-c099-4d36-ac61-810edfff31ca/node_modules/metro/src/DeltaBundler/traverseDependencies.js:411:33)
    at processModule (/Users/roops/AutomationTestining/AutomationTesting/repos/bd34a47c-c099-4d36-ac61-810edfff31ca/node_modules/metro/src/DeltaBundler/traverseDependencies.js:140:31)
    at async addDependency (/Users/roops/AutomationTestining/AutomationTesting/repos/bd34a47c-c099-4d36-ac61-810edfff31ca/node_modules/metro/src/DeltaBundler/traverseDependencies.js:230:18)
    at async Promise.all (index 1)

<--- Last few GCs --->

[83336:0x7f8a98500000]  7436187 ms: Scavenge 4049.3 (4131.8) -> 4049.1 (4135.8) MB, 7.03 / 0.00 ms  (average mu = 0.960, current mu = 0.421) task; 
[83336:0x7f8a98500000]  7436220 ms: Scavenge 4053.5 (4137.0) -> 4053.3 (4137.0) MB, 9.47 / 0.01 ms  (average mu = 0.960, current mu = 0.421) allocation failure; 
[83336:0x7f8a98500000]  7436264 ms: Scavenge 4054.2 (4137.0) -> 4053.9 (4145.0) MB, 41.23 / 0.00 ms  (average mu = 0.960, current mu = 0.421) allocation failure; 


<--- JS stacktrace --->

FATAL ERROR: Reached heap limit Allocation failed - JavaScript heap out of memory
----- Native stack trace -----

 1: 0x1014390a4 node::OOMErrorHandler(char const*, v8::OOMDetails const&) [/Users/roops/.nvm/versions/node/v20.19.0/bin/node]
 2: 0x10161a9c6 v8::internal::V8::FatalProcessOutOfMemory(v8::internal::Isolate*, char const*, v8::OOMDetails const&) [/Users/roops/.nvm/versions/node/v20.19.0/bin/node]
 3: 0x10182def7 v8::internal::Heap::FatalProcessOutOfMemory(char const*) [/Users/roops/.nvm/versions/node/v20.19.0/bin/node]
 4: 0x10182c6ed v8::internal::Heap::CollectGarbage(v8::internal::AllocationSpace, v8::internal::GarbageCollectionReason, v8::GCCallbackFlags) [/Users/roops/.nvm/versions/node/v20.19.0/bin/node]
 5: 0x101820df4 v8::internal::HeapAllocator::AllocateRawWithLightRetrySlowPath(int, v8::internal::AllocationType, v8::internal::AllocationOrigin, v8::internal::AllocationAlignment) [/Users/roops/.nvm/versions/node/v20.19.0/bin/node]
 6: 0x101821674 v8::internal::HeapAllocator::AllocateRawWithRetryOrFailSlowPath(int, v8::internal::AllocationType, v8::internal::AllocationOrigin, v8::internal::AllocationAlignment) [/Users/roops/.nvm/versions/node/v20.19.0/bin/node]
 7: 0x10180320a v8::internal::Factory::AllocateRawWithAllocationSite(v8::internal::Handle<v8::internal::Map>, v8::internal::AllocationType, v8::internal::Handle<v8::internal::AllocationSite>) [/Users/roops/.nvm/versions/node/v20.19.0/bin/node]
 8: 0x10180ff43 v8::internal::Factory::NewJSArrayWithUnverifiedElements(v8::internal::Handle<v8::internal::Map>, v8::internal::Handle<v8::internal::FixedArrayBase>, int, v8::internal::AllocationType) [/Users/roops/.nvm/versions/node/v20.19.0/bin/node]
 9: 0x10180fc12 v8::internal::Factory::NewJSArray(v8::internal::ElementsKind, int, int, v8::internal::ArrayStorageAllocationMode, v8::internal::AllocationType) [/Users/roops/.nvm/versions/node/v20.19.0/bin/node]
10: 0x101958da1 v8::internal::JsonParser<unsigned char>::BuildJsonArray(v8::internal::JsonParser<unsigned char>::JsonContinuation const&, v8::base::SmallVector<v8::internal::Handle<v8::internal::Object>, 16ul, std::__1::allocator<v8::internal::Handle<v8::internal::Object>>> const&) [/Users/roops/.nvm/versions/node/v20.19.0/bin/node]
11: 0x101955d4a v8::internal::MaybeHandle<v8::internal::Object> v8::internal::JsonParser<unsigned char>::ParseJsonValue<false>(v8::internal::Handle<v8::internal::Object>) [/Users/roops/.nvm/versions/node/v20.19.0/bin/node]
12: 0x101953488 v8::internal::JsonParser<unsigned char>::ParseJson(v8::internal::Handle<v8::internal::Object>) [/Users/roops/.nvm/versions/node/v20.19.0/bin/node]
13: 0x1019533c4 v8::internal::JsonParser<unsigned char>::Parse(v8::internal::Isolate*, v8::internal::Handle<v8::internal::String>, v8::internal::Handle<v8::internal::Object>) [/Users/roops/.nvm/versions/node/v20.19.0/bin/node]
14: 0x1016a5690 v8::internal::Builtin_JsonParse(int, unsigned long*, v8::internal::Isolate*) [/Users/roops/.nvm/versions/node/v20.19.0/bin/node]
15: 0x1020540f6 Builtins_CEntry_Return1_ArgvOnStack_BuiltinExit [/Users/roops/.nvm/versions/node/v20.19.0/bin/node]
16: 0x106d2ea1d 
17: 0x101ffe003 Builtins_AsyncFunctionAwaitResolveClosure [/Users/roops/.nvm/versions/node/v20.19.0/bin/node]
